State,Subreddit,Name
Alabama,/r/anniston,Anniston
Alabama,/r/arabalabama,Arab
Alabama,/r/blountsville,Blountsville
Alabama,/r/calera,Calera
Alabama,/r/calhouncounty,Calhoun County
Alabama,/r/cullman,Cullman
Alabama,/r/fairhopealabama,Fairhope
Alabama,/r/fayettecounty,Fayette County
Alabama,/r/florenceal,Florence
Alabama,/r/gadsden,Gadsden
Alabama,/r/gordo,Gordo
Alabama,/r/gulfshores,Gulf Shores
Alabama,/r/hartselle,Hartselle
Alabama,/r/cityofhoover,Hoover
Alabama,/r/hooveral,Hoover AL
Alabama,/r/madisonalabama,Madison
Alabama,/r/montgomery,Montgomery
Alabama,/r/mountainbrook,Mountain Brook
Alabama,/r/oba,Orange Beach
Alabama,/r/prattville,Prattville
Alabama,/r/ragland,Ragland
Alabama,/r/selma,Selma
Alabama,/r/shoals,Shoals
Alabama,/r/251,Southwest Alabama (251)
Alabama,/r/summerdaleal,Summerdale
Alabama,/r/sylacauga,Sylacauga
Alabama,/r/thomasvilleal,Thomasville
Alabama,/r/trussville,Trussville
Alabama,/r/tuscaloosa,Tuscaloosa
Alabama,/r/vestavia,Vestavia
Alabama,/r/vestaviahills,Vestavia Hills
Alaska,/r/aleutianislands,Aleutian Islands
Alaska,/r/barrowak,Barrow
Alaska,/r/bethelak,Bethel
Alaska,/r/cordova,Cordova
Alaska,/r/cosmichamlet,Homer Area
Alaska,/r/juneau,Juneau
Alaska,/r/kenai,Kenai
Alaska,/r/kenaipeninsula,Kenai Peninsula
Alaska,/r/ketchikan,Ketchikan
Alaska,/r/diomede,Little Diomede
Alaska,/r/matsu,Matsu Valley
Alaska,/r/palmerak,Palmer
Alaska,/r/seward,Seward
Alaska,/r/sitka,Sitka
Alaska,/r/spenardak,Spenard
Alaska,/r/sterlingalaska,Sterling
Alaska,/r/talkeetna,talkeetna
Alaska,/r/valdez,Valdez
Alaska,/r/wasilla,Wasilla
Arizona,/r/ahwatukeeaz,Ahwatukee
Arizona,/r/anthem,Anthem
Arizona,/r/avondaleaz,Avondale
Arizona,/r/bagdad,Bagdad
Arizona,/r/bisbee,Bisbee
Arizona,/r/casagrandearizona,Casa Grande
Arizona,/r/cavecreek,Cave Creek
Arizona,/r/chandleraz,Chandler
Arizona,/r/chinle,Chinle
Arizona,/r/cochise,Cochise County
Arizona,/r/fountainhills,Fountain Hills
Arizona,/r/gilbert,Gilbert
Arizona,/r/gilbertarizona,Gilbert
Arizona,/r/glendaleaz,Glendale
Arizona,/r/grandcanyon,Grand Canyon National Park
Arizona,/r/goodyearaz,Goodyear
Arizona,/r/jeromeaz,Jerome
Arizona,/r/kingman,Kingman
Arizona,/r/lakehavasucity,Lake Havasu City
Arizona,/r/lakehavasucityaz,Lake Havasu City AZ
Arizona,/r/litchfieldpark,Litchfield Park
Arizona,/r/marana,Marana
Arizona,/r/maricopa,Maricopa
Arizona,/r/mesaaz,Mesa
Arizona,/r/mohavecounty,Mohave County
Arizona,/r/newriver,New River
Arizona,/r/paradisevalley,Paradise Valley
Arizona,/r/payson,Payson
Arizona,/r/phx,Phoenix (PHX)
Arizona,/r/prescott,Prescott
Arizona,/r/santanvalley,San Tan Valley
Arizona,/r/sedona,Sedona
Arizona,/r/sierravista,Sierra Vista
Arizona,/r/sonoita,Sonoita
Arizona,/r/surpriseaz,Surprise
Arizona,/r/tombstone,Tombstone
Arizona,/r/westvalleyaz,West Valley
Arizona,/r/wittmann,Wittmann
Arizona,/r/yuma,Yuma
Arkansas,/r/naturalstate,Natural State
Arkansas,/r/almaarkansas,Alma
Arkansas,/r/ashdown,Ashdown
Arkansas,/r/batesville,Batesville
Arkansas,/r/cabotarkansas,Cabot
Arkansas,/r/conwayar,Conway
Arkansas,/r/eurekasprings,Eureka Springs
Arkansas,/r/fortsmith,Fort Smith
Arkansas,/r/hotsprings,Hot Springs
Arkansas,/r/jasperar,Jasper
Arkansas,/r/jonesboro,Jonesboro
Arkansas,/r/jonesboroar,Jonesboro AR
Arkansas,/r/malvern,Malvern
Arkansas,/r/maumelle,Maumelle
Arkansas,/r/mountainhomearkansas,Mountain Home
Arkansas,/r/nwareddit,Northwest Arkansas (NWA)
Arkansas,/r/nwarkansas,NW Arkansas
Arkansas,/r/pinebluff,Pine Bluff
Arkansas,/r/subiaco,Subiaco
Arkansas,/r/texarkana,Texarkana
Arkansas,/r/vilonia,Vilonia
California,/r/locationreddits/wiki/faq/northamerica#wiki_northern_california,Northern
California,/r/locationreddits/wiki/faq/northamerica#wiki_central_california,Central
California,/r/locationreddits/wiki/faq/northamerica#wiki_southern_california,Southern
#Northern California,/r/ncal,Northern California (NCAL)
#Northern California,/r/dirty530,Dirty530 (NE California)
#Northern California,/r/alameda,Alameda
#Northern California,/r/andersonvalley,Anderson Valley
#Northern California,/r/antelope,Antelope
#Northern California,/r/arcata,Arcata
#Northern California,/r/belmontca,Belmont
#Northern California,/r/benicia,Benicia
#Northern California,/r/bernalheights,Bernal Heights
#Northern California,/r/bonnydoonca,Bonny Doon
#Northern California,/r/burlingame,Burlingame
#Northern California,/r/calistoga,Calistoga
#Northern California,/r/campbell,Campbell
#Northern California,/r/castro,Castro
#Northern California,/r/citrusheights,Citrus Heights
#Northern California,/r/cutten,Cutten
#Northern California,/r/danville,Danville
#Northern California,/r/davisca,Davis
#Northern California,/r/dixon,Dixon
#Northern California,/r/eastbay,East Bay
#Northern California,/r/elkgrove,Elk Grove
#Northern California,/r/emeryville,Emeryville
#Northern California,/r/fairoaks,Fair Oaks
#Northern California,/r/fairfieldca,Fairfield
#Northern California,/r/folsom,Folsom
#Northern California,/r/foresthill,Foresthill
#Northern California,/r/fortbraggca,Fort Bragg
#Northern California,/r/fremont,Fremont
#Northern California,/r/gilroy,Gilroy
#Northern California,/r/glencove,Glen Cove
#Northern California,/r/grassvalley,Grass Valley
#Northern California,/r/halfmoonbay,Half Moon Bay
#Northern California,/r/hayward,Hayward
#Northern California,/r/hyampom,Hyampom
#Northern California,/r/lafayetteca,Lafayette
#Northern California,/r/lagunitas,Lagunitas
#Northern California,/r/lakecountyca,Lake County CA
#Northern California,/r/laketahoe,Lake Tahoe
#Northern California,/r/southlaketahoe,Lake Tahoe South
#Northern California,/r/livermore,Livermore
#Northern California,/r/losaltoshills,Los Altos Hills
#Northern California,/r/lgcalifornia,Los Gatos
#Northern California,/r/losgatoscalifornia,Los Gatos CA
#Northern California,/r/magalia,Magalia
#Northern California,/r/manteca,Manteca
#Northern California,/r/marin,Marin County
#Northern California,/r/mckinleyville,Mckinleyville
#Northern California,/r/inmenlo,Menlo
#Northern California,/r/millvalley,Mill Valley
#Northern California,/r/millbrae,Millbrae
#Northern California,/r/mln,Monta Loma
#Northern California,/r/montara,Montara
#Northern California,/r/moraga,Moraga
#Northern California,/r/morganhill,Morgan Hill
#Northern California,/r/mountainhouseca,Mountain House
#Northern California,/r/muirwoods,Muir Woods
#Northern California,/r/napa,Napa
#Northern California,/r/napavalley,Napa Valley
#Northern California,/r/natividadcalifornia,Natividad
#Northern California,/r/orangevale,Orangevale
#Northern California,/r/orick,Orick
#Northern California,/r/orinda,Orinda
#Northern California,/r/pacificgrove,Pacific Grove
#Northern California,/r/pacifica,Pacifica
#Northern California,/r/paloalto,Palo Alto
#Northern California,/r/petaluma,Petaluma
#Northern California,/r/petalumaca,Petaluma CA
#Northern California,/r/piedmont,Piedmont
#Northern California,/r/piedmontca,Piedmont CA
#Northern California,/r/pleasanton,Pleasanton
#Northern California,/r/plumascountyca,Plumas County
#Northern California,/r/redwoodcity,Redwood City
#Northern California,/r/richmondca,Richmond
#Northern California,/r/rohnertpark,Rohnert Park
#Northern California,/r/sananselmo,San Anselmo
#Northern California,/r/sanbruno,San Bruno
#Northern California,/r/sancarlos,San Carlos
#Northern California,/r/sanleandro,San Leandro
#Northern California,/r/sanmateo,San Mateo
#Northern California,/r/sanmateocounty,San Mateo County
#Northern California,/r/94901,San Rafael (94901)
#Northern California,/r/santaclara,Santa Clara
#Northern California,/r/sausalito,Sausalito
#Northern California,/r/scotia,Scotia
#Northern California,/r/scottsvalley,Scotts Valley
#Northern California,/r/seabright,Seabright
#Northern California,/r/sebastopol,Sebastopol
#Northern California,/r/sftenderloin,SF Tenderloin District
#Northern California,/r/siliconvalley,Silicon Valley
#Northern California,/r/solanocounty,Solano County
#Northern California,/r/sonoma,Sonoma
#Northern California,/r/sonomacounty,Sonoma County
#Northern California,/r/southsanfrancisco,South San Francisco
#Northern California,/r/sthelena,St. Helena
#Northern California,/r/suisunca,Suisun
#Northern California,/r/sunnyvale,Sunnyvale
#Northern California,/r/tehamacounty,Tehama County
#Northern California,/r/truckee,Truckee
#Northern California,/r/ukiah,Ukiah
#Northern California,/r/vacaville,Vacaville
#Northern California,/r/walnutcreek,Walnut Creek
#Northern California,/r/watsonville,Watsonville
#Northern California,/r/westoakland,West Oakland
#Northern California,/r/westsacramento,West Sacramento
#Northern California,/r/willits,Willits
#Northern California,/r/willowglen,Willow Glen
#Northern California,/r/windsorcalifornia,Windsor
#Northern California,/r/yolocounty,Yolo County
#Central California,/r/centralcoast,Central Coast
#Central California,/r/atascadero,Atascadero
#Central California,/r/avenal,Avenal
#Central California,/r/bigsur,Big Sur
#Central California,/r/bishop,Bishop
#Central California,/r/cambria,Cambria
#Central California,/r/cantuacreek,Cantua Creek
#Central California,/r/cayucos,Cayucos
#Central California,/r/centralvalley,Central Valley
#Central California,/r/ceres,Ceres
#Central California,/r/coalinga,Coalinga
#Central California,/r/dinuba,Dinuba
#Central California,/r/easternsierra,Eastern Sierra
#Central California,/r/farmersville,Farmersville
#Central California,/r/hanford,Hanford
#Central California,/r/kerman,Kerman
#Central California,/r/kingcity,King City
#Central California,/r/lodi,Lodi
#Central California,/r/lompoc,Lompoc
#Central California,/r/madera,Madera
#Central California,/r/mammothmountain,Mammoth Mountain
#Central California,/r/mariposa,Mariposa
#Central California,/r/merced,Merced
#Central California,/r/modesto,Modesto
#Central California,/r/morrobay,Morro Bay
#Central California,/r/oakdale,Oakdale
#Central California,/r/pismo,Pismo Beach
#Central California,/r/porterville,Porterville
#Central California,/r/salida,Salida
#Central California,/r/salinas,Salinas
#Central California,/r/santamaria,Santa Maria
#Central California,/r/seki,Sequoia &amp; Kings Canyon National Parks
#Central California,/r/shafter,Shafter
#Central California,/r/shaverlake,Shaver Lake
#Central California,/r/sonoraca,Sonora
#Central California,/r/taft,Taft
#Central California,/r/vacaville,Vacaville
#Central California,/r/visalia,Visalia
#Central California,/r/woffordheights,Wofford Heights
#Southern California,/r/socal,Southern California (SolCal)
#Southern California,/r/southerncalifornia,Southern California
#Southern California,/r/southland,Southland
#Southern California,/r/agourahills,Agoura Hills
#Southern California,/r/alhambra,Alhambra
#Southern California,/r/altadena,Altadena
#Southern California,/r/anaheim,Anaheim
#Southern California,/r/antelopevalley,Antelope Valley
#Southern California,/r/anzaborrego,Anza Borrego Desert State Park
#Southern California,/r/atwatervillage,Atwater Village
#Southern California,/r/beaumontca,Beaumont
#Southern California,/r/belmontshore,Belmont Shore
#Southern California,/r/beverlyhills,Beverly Hills
#Southern California,/r/bigbear,Big Bear
#Southern California,/r/brea,Brea
#Southern California,/r/buenapark,Buena Park
#Southern California,/r/calabasas,Calabasas
#Southern California,/r/camarillo,Camarillo
#Southern California,/r/canogapark,Canoga Park
#Southern California,/r/chulavista,Chula Vista
#Southern California,/r/claremont,Claremont
#Southern California,/r/compton,Compton
#Southern California,/r/conejovalley,Conejo Valley
#Southern California,/r/corona,Corona
#Southern California,/r/cityofcorona,Corona CA
#Southern California,/r/covina,Covina
#Southern California,/r/culvercity,Culver City
#Southern California,/r/danapoint,Dana Point
#Southern California,/r/diamondbar,Diamond Bar
#Southern California,/r/eaglerock,Eagle Rock
#Southern California,/r/eaglerockca,Eagle Rock CA
#Southern California,/r/eastcounty,East County
#Southern California,/r/eastla,East Los Angeles
#Southern California,/r/eastvale,Eastvale
#Southern California,/r/echopark,Echo Park
#Southern California,/r/edwardsafb,Edwards Air Force Base
#Southern California,/r/elsegundo,El Segundo
#Southern California,/r/fountainvalley,Fountain Valley
#Southern California,/r/fullerton,Fullerton
#Southern California,/r/glamis,Glamis
#Southern California,/r/glendale,Glendale
#Southern California,/r/goleta,Goleta
#Southern California,/r/granadahills,Granada Hills
#Southern California,/r/grandterrace,Grand Terrace
#Southern California,/r/haciendaheights,Hacienda Heights
#Southern California,/r/hemetca,Hemet
#Southern California,/r/highdesert,High Desert
#Southern California,/r/highland,Highland
#Southern California,/r/hollydale,Hollydale
#Southern California,/r/hollywoodca,Hollywood
#Southern California,/r/imperial_beach,Imperial Beach
#Southern California,/r/imperialvalley,Imperial Valley
#Southern California,/r/indio,Indio
#Southern California,/r/talkirvine,Irvine CA
#Southern California,/r/islavista,Isla Vista
#Southern California,/r/jamul,Jamul
#Southern California,/r/joshuatree,Joshua Tree National Park
#Southern California,/r/kern,Kern River
#Southern California,/r/kernvalley,Kern Valley
#Southern California,/r/lacrescentaca,La Crescenta
#Southern California,/r/lahabra,La Habra
#Southern California,/r/lahabraca,La Habra CA
#Southern California,/r/lajolla,La Jolla
#Southern California,/r/lamesa,La Mesa
#Southern California,/r/lapresa,La Presa
#Southern California,/r/lapuente,La Puente
#Southern California,/r/laquinta,La Quinta
#Southern California,/r/laverne,La Verne
#Southern California,/r/laderaranch,Ladera Ranch
#Southern California,/r/lakewood_ca,Lakewood
#Southern California,/r/dtla,Los Angeles Downtown
#Southern California,/r/cityofla,"Los Angeles, city of"
#Southern California,/r/lynwood,Lynwood
#Southern California,/r/malibu,Malibu
#Southern California,/r/manhattanbeach,Manhattan Beach
#Southern California,/r/marinadelrey,Marina Del Rey
#Southern California,/r/miraloma,Mira Loma
#Southern California,/r/missionbeach,Mission Beach
#Southern California,/r/missionviejo,Mission Viejo
#Southern California,/r/mojave,Mojave
#Southern California,/r/mojavenp,Mojave National Park
#Southern California,/r/monrovia,Monrovia
#Southern California,/r/montecito,Montecito
#Southern California,/r/montereypark,Monterey Park
#Southern California,/r/moorpark,Moorpark
#Southern California,/r/morenovalley,Moreno Valley
#Southern California,/r/murrietareddit,Murrieta
#Southern California,/r/nationalcity,National City
#Southern California,/r/needlesca,Needles
#Southern California,/r/newportbeach,Newport Beach
#Southern California,/r/newportbeachca,Newport Beach CA
#Southern California,/r/oceanside,Oceanside
#Southern California,/r/ojai,Ojai
#Southern California,/r/oxnard,Oxnard
#Southern California,/r/pacificpalisades,Pacific Palisades
#Southern California,/r/palmsprings,Palm Springs
#Southern California,/r/palmdale,Palmdale
#Southern California,/r/palosverdes,Palos Verdes
#Southern California,/r/poway,Poway
#Southern California,/r/ramonacalifornia,Ramona
#Southern California,/r/ranchosantamargarita,Rancho Santa Margarita
#Southern California,/r/redlands,Redlands
#Southern California,/r/redondobeach,Redondo Beach
#Southern California,/r/reseda,Reseda
#Southern California,/r/rialto,Rialto
#Southern California,/r/ridgecrest,Ridgecrest
#Southern California,/r/cityofriverside,Riverside
#Southern California,/r/riverside,Riverside
#Southern California,/r/riverslime,Riverside (Riverslime)
#Southern California,/r/riversidecounty,Riverside County
#Southern California,/r/rowlandheights,Rowland Heights
#Southern California,/r/saltonsea,Salton Sea
#Southern California,/r/sanbernardino,San Bernardino
#Southern California,/r/909,San Bernardino (909)
#Southern California,/r/sanbernardinocounty,San Bernardino County
#Southern California,/r/sanclemente,San Clemente
#Southern California,/r/sandimas,San Dimas
#Southern California,/r/sangabriel,San Gabriel
#Southern California,/r/sgv,San Gabriel Valley
#Southern California,/r/sanjuancapistrano,San Juan Capistrano
#Southern California,/r/sanmarino,San Marino
#Southern California,/r/sanpedro,San Pedro
#Southern California,/r/santaana,Santa Ana
#Southern California,/r/santaclarita,Santa Clarita
#Southern California,/r/santaclaritavalley,Santa Clarita Valley
#Southern California,/r/santaynez,Santa Ynez Valley
#Southern California,/r/santee,Santee
#Southern California,/r/sealbeach,Seal Beach
#Southern California,/r/silverlake,Silverlake
#Southern California,/r/simivalley,Simi Valley
#Southern California,/r/simi_valley,Simi_Valley
#Southern California,/r/southbayla,South Bay
#Southern California,/r/southpasadena,South Pasadena
#Southern California,/r/tehachapi,Tehachapi
#Southern California,/r/temecula,Temecula
#Southern California,/r/thousandoaks,Thousand Oaks
#Southern California,/r/tolucalake,Toluca Lake
#Southern California,/r/tustin,Tustin
#Southern California,/r/tustinca,Tustin CA
#Southern California,/r/upland,Upland
#Southern California,/r/venice,Venice
#Southern California,/r/walnut,Walnut
#Southern California,/r/westhollywood,West Hollywood
#Southern California,/r/weho,West Hollywood (WeHo)
#Southern California,/r/westwood,Westwood
#Southern California,/r/whittier,Whittier
#Southern California,/r/whittierca,Whittier CA
#Southern California,/r/wrightwood,Wrightwood
#Southern California,/r/yorbalinda,Yorba Linda
#Southern California,/r/yucaipa,Yucaipa
#Southern California,/r/locationreddits/wiki/faq/northamerica,Back to top
Colorado,/r/arvada,Arvada
Colorado,/r/aspen,Aspen
Colorado,/r/beavercreek,Beaver Creek
Colorado,/r/breckenridge,Breckenridge
Colorado,/r/broomfield,Broomfield
Colorado,/r/castlerock,Castle Rock
Colorado,/r/cortez,Cortez
Colorado,/r/milehighcity,Denver (MileHighCity)
Colorado,/r/durango,Durango
Colorado,/r/eaglecolorado,Eagle
Colorado,/r/eaglecounty,Eagle County
Colorado,/r/eaglevail,Eagle-Vail
Colorado,/r/englewoodlittletonco,Englewood-Littleton
Colorado,/r/foco,Fort Collins (FoCo)
Colorado,/r/fruita,Fruita
Colorado,/r/grandjunction,Grand Junction
Colorado,/r/grandjunctionco,Grand Junction CO
Colorado,/r/grandlake,Grand Lake
Colorado,/r/gunnison,Gunnison County
Colorado,/r/gypsum,Gypsum
Colorado,/r/highlandsranch,Highlands Ranch
Colorado,/r/kremmling,Kremmling
Colorado,/r/kremmlingco,Kremmling CO
Colorado,/r/la_junta,La Junta
Colorado,/r/pbville,Leadville
Colorado,/r/littleton,Littleton
Colorado,/r/lucernecolorado,Lucerne
Colorado,/r/manitousprings,Manitou Springs
Colorado,/r/peytoncolorado,Peyton
Colorado,/r/pueblo,Pueblo
Colorado,/r/roaringfork,Roaring Fork
Colorado,/r/rmnp,Rocky Mountain National Park
Colorado,/r/slv,San Luis Valley
Colorado,/r/snowmass,Snowmass Village
Colorado,/r/summit,Summit County
Colorado,/r/thornton,Thornton
Colorado,/r/twn,Thornton Westminster Northglenn
Colorado,/r/trinidadco,Trinidad
Colorado,/r/vail,Vail
Colorado,/r/westerncolorado,Western Colorado
Colorado,/r/willametteco,Willamette
Colorado,/r/wolfcreek,Wolf Creek
Connecticut,/r/ansonia,Ansonia
Connecticut,/r/bethelct,Bethel
Connecticut,/r/bridgeportct,Bridgeport
Connecticut,/r/broadbrookct,Broad Brook
Connecticut,/r/danbury,Danbury
Connecticut,/r/easthampton,East Hampton
Connecticut,/r/easternct,Eastern Connecticut
Connecticut,/r/east_haddam,East Haddam
Connecticut,/r/enfieldct,Enfield
Connecticut,/r/fairfield,Fairfield
Connecticut,/r/fairfieldcounty,Fairfield County
Connecticut,/r/glastonburyct,Glastonbury
Connecticut,/r/groton,Groton
Connecticut,/r/hartford,Hartford
Connecticut,/r/litchfieldct,Litchfield County
Connecticut,/r/06443,Madison (06443)
Connecticut,/r/silkcity,Manchester
Connecticut,/r/meridenct,Meriden
Connecticut,/r/newbritain,New Britain
Connecticut,/r/newlondon,New London
Connecticut,/r/newmilford,New Milford
Connecticut,/r/plainfieldconn,Plainfield
Connecticut,/r/oldlymect,Old Lyme
Connecticut,/r/oldsaybrook,Old Saybrook
Connecticut,/r/sheltonct,Shelton
Connecticut,/r/somers,Somers
Connecticut,/r/southington,Southington
Connecticut,/r/sono,South Norwalk
Connecticut,/r/stamfordconn,Stamford
Connecticut,/r/stamfordct,Stamford CT
Connecticut,/r/stratfordct,Stratford
Connecticut,/r/tollandct,Tolland
Connecticut,/r/westhartford,West Hartford
Connecticut,/r/westportct,Westport
Delaware,/r/doverde,Dover
Delaware,/r/oceanview,Ocean View
District of Columbia,/r/districtofcolumbia,District of Columbia
District of Columbia,/r/brookland,Brookland
District of Columbia,/r/towpath,Chesapeake & Ohio Canal
District of Columbia,/r/mountvernonsquaredc,Mt. Vernon Square
District of Columbia,/r/mountvernontriangledc,Mt. Vernon Triangle
District of Columbia,/r/petworth,Petworth
District of Columbia,/r/takomadc,Takoma
District of Columbia,/r/takomapark,Takoma Park
Florida,/r/annamariaisland,Anna Maria Island
Florida,/r/apalachicola,Apalachicola
Florida,/r/apopka,Apopka
Florida,/r/aventura,Aventura
Florida,/r/bostwick,Bostwick
Florida,/r/boyntonbeach,Boynton Beach
Florida,/r/brevardfl,Brevard County
Florida,/r/broward,Broward
Florida,/r/capecoral,Cape Coral
Florida,/r/captiva,Captiva Island
Florida,/r/centralflorida,Central Florida
Florida,/r/citruscountyflorida,Citrus County
Florida,/r/clearwaterfl,Clearwater
Florida,/r/clermont,Clermont
Florida,/r/clermontfl,Clermont FL
Florida,/r/coconutcreek,Coconut Creek
Florida,/r/coconutgrove,Coconut Grove
Florida,/r/coralgables,Coral Gables
Florida,/r/coralsprings,Coral Springs
Florida,/r/crawfordville,Crawfordville
Florida,/r/davie,Davie
Florida,/r/dunnellon,Dunnellon
Florida,/r/ellenton,Ellenton
Florida,/r/englewoodfl,Englewood
Florida,/r/fernandinabeach,Fernandina Beach
Florida,/r/flaglerbeach,Flagler Beach
Florida,/r/fortmyers,Fort Myers
Florida,/r/fortwaltonbeach,Fort Walton Beach
Florida,/r/gulfportfl,Gulfport
Florida,/r/hernandocountyflorida,Hernando County
Florida,/r/highlands,Highlands County
Florida,/r/immokalee,Immokalee
Florida,/r/jupiterfl,Jupiter
Florida,/r/keylargo,Key Largo
Florida,/r/keywest,Key West
Florida,/r/lakecity,Lake City
Florida,/r/lakecityflorida,Lake City FL
Florida,/r/lake,Lake County
Florida,/r/lakewales,Lake Wales
Florida,/r/lakewoodranch,Lakewood Ranch
Florida,/r/lakeworth,Lake Worth
Florida,/r/longwoodfl,Longwood
Florida,/r/marcoisland,Marco Island
Florida,/r/merrittisland,Merritt Island
Florida,/r/miltonfl,Milton
Florida,/r/mountdora,Mt. Dora
Florida,/r/myakkacity,Myakka City
Florida,/r/myakkacityfl,Myakka City FL
Florida,/r/naples_fl,Naples
Florida,/r/386,Northern Florida (386)
Florida,/r/nwfl,Northwest Florida
Florida,/r/ocala,Ocala
Florida,/r/ocoee,Ocoee
Florida,/r/orangepark,Orange Park
Florida,/r/407,Orlando Area (407)
Florida,/r/ormondbeachfl,Ormond Beach
Florida,/r/palmbeach,Palm Beach
Florida,/r/palmcoast,Palm Coast
Florida,/r/palmetto,Palmetto
Florida,/r/palmharbor,Palm Harbor
Florida,/r/pcb,Panama City Beach (PCB)
Florida,/r/parrish,Parrish
Florida,/r/pasco,Pasco County
Florida,/r/pembrokepines,Pembroke Pines
Florida,/r/pinellas,Pinellas County
Florida,/r/plantcity,Plant City
Florida,/r/polk,Polk County
Florida,/r/863,Polk County (863)
Florida,/r/pontevedra,Ponte Vedra
Florida,/r/portcharlotte,Port Charlotte
Florida,/r/portstjoe,Port St. Joe
Florida,/r/portstjohn,Port St. John
Florida,/r/portstlucie,Port St. Lucie
Florida,/r/sanford,Sanford
Florida,/r/sanfordfl,Sanford FL
Florida,/r/sanibel,Sanibel Island
Florida,/r/sebring,Sebring
Florida,/r/springhillfla,Spring Hill
Florida,/r/south_florida,South_Florida
Florida,/r/southflorida,South Florida
Florida,/r/southwalton,South Walton
Florida,/r/southwood,Southwood
Florida,/r/staugustine,St. Augustine
Florida,/r/staugustinebeach,St. Augustine Beach
Florida,/r/stjohnscounty,St. John's County
Florida,/r/swfl,Southwest Florida
Florida,/r/sunnyislesbeach,Sunny Isles Beach
Florida,/r/tlh,Tallahassee (TLH)
Florida,/r/tequesta,Tequesta
Florida,/r/thorntonpark,Thornton Park
Florida,/r/titusville,Titusville
Florida,/r/772,Treasure Coast (772)
Florida,/r/treasurecoast,Treasure Coast
Florida,/r/valrico,Valrico
Florida,/r/veniceflorida,Venice
Florida,/r/venice_fl,Venice FL
Florida,/r/westpalmbeachfl,West Palm Beach
Florida,/r/winterpark,Winter Park
Georgia,/r/acworth,Acworth
Georgia,/r/alpharetta,Alpharetta
Georgia,/r/barrowcounty,Barrow County
Georgia,/r/brookhaven,Brookhaven
Georgia,/r/camdenga,Camden
Georgia,/r/cantonga,Canton
Georgia,/r/cherokeecountyga,Cherokee County
Georgia,/r/cobbcounty,Cobb County
Georgia,/r/cochran,Cochran
Georgia,/r/conyers,Conyers
Georgia,/r/dacula,Dacula
Georgia,/r/dahlonega,Dahlonega
Georgia,/r/daltonga,Dalton
Georgia,/r/dawsonville,Dawsonville
Georgia,/r/dvillega,Douglasville
Georgia,/r/dunwoody,Dunwoody
Georgia,/r/snobbery,East Cobb County
Georgia,/r/eastpoint,East Point
Georgia,/r/ellijay,Ellijay
Georgia,/r/fayco,Fayette County
Georgia,/r/falconcrest,Falcon Crest
Georgia,/r/flowerybranch,Flowery Branch
Georgia,/r/forsyth,Forsyth County
Georgia,/r/franklincountyga,Franklin County
Georgia,/r/grovetown,Grovetown
Georgia,/r/henrycounty,Henry County
Georgia,/r/hinesvillega,Hinesville
Georgia,/r/hollyspringsga,Holly Springs
Georgia,/r/jasperga,Jasper
Georgia,/r/jekyllisland,Jekyll Island
Georgia,/r/johnscreek,Johns Creek
Georgia,/r/kennesaw,Kennesaw
Georgia,/r/lagrange,La Grange
Georgia,/r/leesburgga,Leesburg
Georgia,/r/lilburn,Lilburn
Georgia,/r/ludowici,Ludowici
Georgia,/r/mableton,Mableton
Georgia,/r/marietta,Marietta
Georgia,/r/mariettaga,Marietta GA
Georgia,/r/middlegeorgia,Middle Georgia
Georgia,/r/midtownatlanta,Midtown Atlanta
Georgia,/r/milledgeville,Milledgeville
Georgia,/r/newnan,Newnan
Georgia,/r/oakwoodga,Oakwood
Georgia,/r/paulding,Paulding County
Georgia,/r/roswell,Roswell
Georgia,/r/smyrna,Smyrna
Georgia,/r/southgaredditors,South Georgia
Georgia,/r/stsimonsisland,St. Simons Island
Georgia,/r/statesboro,Statesboro
Georgia,/r/summervillega,Summerville
Georgia,/r/toccoa,Toccoa
Georgia,/r/toombscounty,Toombs County
Georgia,/r/valdosta,Valdosta
Georgia,/r/waycross,Waycross
Georgia,/r/webstercounty,Webster County
Georgia,/r/westgeorgia,West Georgia
Hawaii,/r/hanamaui,Hana
Hawaii,/r/kailuakona,Kailua
Hawaii,/r/kauai,Kauai
Hawaii,/r/kona,Kona
Idaho,/r/coeurdalene,Coeur d'Alene
Idaho,/r/easternidaho,Eastern Idaho
Idaho,/r/gooding,Gooding
Idaho,/r/kuna,Kuna
Idaho,/r/lewistonid,Lewiston
Idaho,/r/mccallidaho,McCall
Idaho,/r/moscowidaho,Moscow
Idaho,/r/mountainhomeidaho,Mountain Home
Idaho,/r/nampa,Nampa
Idaho,/r/pocatello,Pocatello
Idaho,/r/rexburg,Rexburg
Idaho,/r/sandpoint,Sandpoint
Idaho,/r/sunvalley,Sun Valley
Idaho,/r/twinfalls,Twin Falls
Illinois,/r/altonnews,Alton
Illinois,/r/andersonvillechicago,Andersonville
Illinois,/r/barringtonil,Barrington
Illinois,/r/bartlettillinois,Bartlett
Illinois,/r/batavia,Batavia
Illinois,/r/berwyn,Berwyn
Illinois,/r/bethalto,Bethalto
Illinois,/r/cantonil,Canton
Illinois,/r/centralillinois,Central Illinois
Illinois,/r/champaign,Champaign
Illinois,/r/chambana,Champaign-Urbana (Chambana)
Illinois,/r/champaignurbana,Champaign-Urbana
Illinois,/r/nearwestsuburbs,Chicago Near West Suburbs
Illinois,/r/southside,Chicago Southside
Illinois,/r/westtown,Chicago West
Illinois,/r/downersgrove,Downers Grove
Illinois,/r/eastpeoria,East Peoria
Illinois,/r/edwardsvilleil,Edwardsville
Illinois,/r/eville,Edwardsville (Eville)
Illinois,/r/elgin,Elgin
Illinois,/r/elginillinois,Elgin IL
Illinois,/r/elmhurst,Elmhurst
Illinois,/r/evanston,Evanston
Illinois,/r/evanstonil,Evanston IL
Illinois,/r/franklinpark,Franklin Park
Illinois,/r/galena,Galena
Illinois,/r/galesburg,Galesburg
Illinois,/r/geneseoillinois,Geneseo
Illinois,/r/genevail,Geneva
Illinois,/r/granitecity,Granite City
Illinois,/r/grayslake,Grayslake
Illinois,/r/grayslakeillinois,Grayslake IL
Illinois,/r/gurnee,Gurnee
Illinois,/r/hinsdale,Hinsdale
Illinois,/r/huntley,Huntley
Illinois,/r/jolietillinois,Joliet
Illinois,/r/lakecounty,Lake County
Illinois,/r/lakezurichil,Lake Zurich
Illinois,/r/lasallecounty,La Salle County
Illinois,/r/libertyville,Libertyville
Illinois,/r/lombard,Lombard
Illinois,/r/lilacvillage,Lombard (Lilac Village)
Illinois,/r/makanda,Makanda
Illinois,/r/marengo,Marengo
Illinois,/r/mchenry,McHenry
Illinois,/r/mchenrycounty,McHenry County
Illinois,/r/monmouthil,Monmouth
Illinois,/r/mtmorris,Mt. Morris
Illinois,/r/naperville,Naperville
Illinois,/r/newbaden,New Baden
Illinois,/r/newlenox,New Lenox
Illinois,/r/oaklawn,Oak Lawn
Illinois,/r/oakpark,Oak Park
Illinois,/r/oakparkil,Oak Park
Illinois,/r/orlandpark,Orland Park
Illinois,/r/palatine,Palatine
Illinois,/r/parkridge,Park Ridge
Illinois,/r/pekinillinois,Pekin
Illinois,/r/peoria,Peoria
Illinois,/r/plainfield,Plainfield
Illinois,/r/portagepark,Portage Park
Illinois,/r/quincy,Quincy
Illinois,/r/riverforestillinois,River Forest
Illinois,/r/roundlake,Round Lake
Illinois,/r/schaumburg,Schaumburg
Illinois,/r/618,Southern Illinois (618)
Illinois,/r/southernillinois,Southern Illinois
Illinois,/r/springfieldil,Springfield
Illinois,/r/stcharlesil,St. Charles
Illinois,/r/stclairco,St. Clair County
Illinois,/r/tuscola,Tuscola
Illinois,/r/vernonhills,Vernon Hills
Illinois,/r/waukegan,Waukegan
Illinois,/r/westernillinois,Western Illinois
Illinois,/r/westmontil,Westmont
Illinois,/r/wilmette,Wilmette
Illinois,/r/wrigleyville,Wrigleyville
Indiana,/r/andersonin,Anderson
Indiana,/r/batesvilleunited,Batesville
Indiana,/r/broadripple,Broadripple
Indiana,/r/chesterton,Chesterton
Indiana,/r/connersville,Connersville
Indiana,/r/corydon,Corydon
Indiana,/r/elkhart,Elkhart
Indiana,/r/kendallville,Kendallville
Indiana,/r/kokomo,Kokomo
Indiana,/r/lafayette,Lafayette
Indiana,/r/laporte,La Porte
Indiana,/r/logansport,Logansport
Indiana,/r/madtown,Madison
Indiana,/r/marktown,Marktown
Indiana,/r/michiana,Michiana
Indiana,/r/newalbany,New Albany
Indiana,/r/newamsterdam,New Amsterdam
Indiana,/r/theothernewhaven,New Haven
Indiana,/r/nwi,Northwest Indiana (NWI)
Indiana,/r/219,Northwest Indiana (219)
Indiana,/r/newburghin,Newburgh
Indiana,/r/owencounty,Owen County
Indiana,/r/paoli,Paoli
Indiana,/r/richmondindiana,Richmond
Indiana,/r/ridgeportindiana,Ridgeport
Indiana,/r/terrehaute,Terre Haute
Indiana,/r/valparaiso,Valparaiso
Indiana,/r/vevay,Vevay
Indiana,/r/westfieldindy,Westfield
Indiana,/r/winonalake,Winona Lake
Indiana,/r/zionsville,Zionsville
Indiana,/r/locationreddits/wiki/faq/northamerica,Back to top
Iowa,/r/ames,Ames
Iowa,/r/ankeny,Ankeny
Iowa,/r/camanche,Camanche
Iowa,/r/cedarfalls,Cedar Falls
Iowa,/r/clintoniowa,Clinton
Iowa,/r/colfaxiowa,Colfax
Iowa,/r/coralville,Coralville
Iowa,/r/councilbluffs,Council Bluffs
Iowa,/r/dubuque,Dubuque
Iowa,/r/fairfieldiowa,Fairfield
Iowa,/r/fortdodge,Fort Dodge
Iowa,/r/glenwoodiowa,Glenwood
Iowa,/r/luverne,Lu Verne
Iowa,/r/maquoketa,Maquoketa
Iowa,/r/masoncity,Mason City
Iowa,/r/okoboji,Okoboji
Iowa,/r/orangecity,Orange City
Iowa,/r/pleasantvilleia,Pleasantville
Iowa,/r/siouxcity,Sioux City
Iowa,/r/swi,Southwest Iowa
Iowa,/r/spenceriowa,Spencer
Iowa,/r/webstercounty,Webster County
Iowa,/r/westdesmoines,West Des Moines
Kansas,/r/baxtersprings,Baxter Springs
Kansas,/r/emporia,Emporia
Kansas,/r/gcks,Garden City (GCKS)
Kansas,/r/gardencityks,Garden City KS
Kansas,/r/gardencitykansas,Garden City Kansas
Kansas,/r/hutchinson,Hutchinson
Kansas,/r/johnsoncounty,Johnson County
Kansas,/r/leavenworth,Leavenworth
Kansas,/r/lenexa,Lenexa
Kansas,/r/louisburgks,Louisburg
Kansas,/r/littleapple,Manhattan
Kansas,/r/manhattanks,Manhattan KS
Kansas,/r/moundcity,Mound City
Kansas,/r/newtonkansas,Newton
Kansas,/r/olathe,Olathe
Kansas,/r/overlandpark,Overland Park
Kansas,/r/prairievillage,Prairie Village
Kansas,/r/pvkansas,Prairie Village KS
Kansas,/r/republiccountykansas,Republic County
Kansas,/r/shawnee,Shawnee
Kansas,/r/topeka,Topeka
Kentucky,/r/ashlandkentucky,Ashland
Kentucky,/r/ashlandky,Ashland KY
Kentucky,/r/bardstown,Bardstown
Kentucky,/r/boylecounty,Boyle County
Kentucky,/r/campbellsville,Campbellsville
Kentucky,/r/corbinky,Corbin
Kentucky,/r/covington,Covington
Kentucky,/r/danvilleky,Danville
Kentucky,/r/easternky,Eastern Kentucky
Kentucky,/r/etown,Elizabethtown
Kentucky,/r/florenceky,Florence
Kentucky,/r/frankfort,Frankfort
Kentucky,/r/gallatinky,Gallatin County
Kentucky,/r/gravescounty,Graves County
Kentucky,/r/harlanky,Harlan
Kentucky,/r/hopkinsville,Hopkinsville
Kentucky,/r/hoptflown,Hopkinsville (Hoptown)
Kentucky,/r/lakecumberland,Lake Cumberland
Kentucky,/r/maysville,Maysville
Kentucky,/r/middlesboroky,Middlesboroky
Kentucky,/r/middlesboro,Middlesboro
Kentucky,/r/morehead,Morehead
Kentucky,/r/mtsterling,Mt. Sterling
Kentucky,/r/newportky,New Port
Kentucky,/r/nekentucky,North East Kentucky
Kentucky,/r/nky,Northern Kentucky (NKY)
Kentucky,/r/okolona,Okolona
Kentucky,/r/olivehill,Olive Hill
Kentucky,/r/owensboro,Owensboro
Kentucky,/r/owensboroky,Owensboro KY
Kentucky,/r/paducah,Paducah
Kentucky,/r/pikeville,Pikeville
Kentucky,/r/pulaskikentucky,Pulaski County
Kentucky,/r/redrivergorge,Red River Gorge
Kentucky,/r/richmondky,Richmond
Kentucky,/r/shelbyky,Shelbyville
Kentucky,/r/sladeky,Slade
Kentucky,/r/somersetky,Somerset
Kentucky,/r/webstercounty,Webster County
Kentucky,/r/westkentucky,West Kentucky
Kentucky,/r/winchesterky,Winchester
Louisiana,/r/ascensionparish,Ascension Parish
Louisiana,/r/bogalusa,Bogalusa
Louisiana,/r/bossiercity,Bossier City
Louisiana,/r/centrallouisiana,Central Louisiana
Louisiana,/r/covingtonla,Covington
Louisiana,/r/eunice,Eunice
Louisiana,/r/gonzales,Gonzales
Louisiana,/r/hammond,Hammond
Louisiana,/r/houma,Houma
Louisiana,/r/jeffersonparish,Jefferson Parish
Louisiana,/r/lafayettela,Lafayette
Louisiana,/r/lakecharles,Lake Charles
Louisiana,/r/lakecharleslouisiana,Lake Charles LA
Louisiana,/r/metry,Metairie
Louisiana,/r/morgancity,Morgan City
Louisiana,/r/newiberia,New Iberia
Louisiana,/r/newroads,New Roads
Louisiana,/r/nela,Northeast Louisiana
Louisiana,/r/nwla,Northwest Louisiana
Louisiana,/r/plaquemine,Plaquemine
Louisiana,/r/ponchatoula,Ponchatoula
Louisiana,/r/stcharlesparish,St. Charles Parish
Louisiana,/r/stfrancisville,St. Francisville
Louisiana,/r/thibodaux,Thibodaux
Louisiana,/r/webstercounty,Webster County
Louisiana,/r/westmonroe,West Monroe
Maine,/r/theothermaine,"Maine, the other"
Maine,/r/aroostook,Aroostook County
Maine,/r/bangorme,Bangor
Maine,/r/bronyisland,Brony Island
Maine,/r/pryantpond,Bryant Pond
Maine,/r/ellsworth,Ellsworth
Maine,/r/gorham,Gorham
Maine,/r/kennebunk,Kennebunk
Maine,/r/lewiston,Lewiston
Maine,/r/lewistonauburn,Lewiston-Auburn
Maine,/r/lamaine,Lewiston-Auburn (LAMaine)
Maine,/r/orientme,Orient
Maryland,/r/annapolis,Annapolis
Maryland,/r/annearundelcountymd,Anne Arundel County
Maryland,/r/butus,Arbutus
Maryland,/r/belairmd,Bel Air
Maryland,/r/beltsville,Beltsville
Maryland,/r/bethesda,Bethesda
Maryland,/r/beverlybeach,Beverly Beach
Maryland,/r/thebbc,Breton bay
Maryland,/r/brunswickmd,Brunswick
Maryland,/r/ceciltucky,Cecil County
Maryland,/r/charlescounty,Charles County
Maryland,/r/chasemd,Chase
Maryland,/r/chesapeakebay,Chesapeake Bay
Maryland,/r/towpath,Chesapeake & Ohio Canal
Maryland,/r/cheverly,Cheverly
Maryland,/r/damascusmd,Damascus
Maryland,/r/thedmv,District of Columbia/Maryland/Virginia
Maryland,/r/dundalkmd,Dundalk
Maryland,/r/easternshoremd,Eastern Shore
Maryland,/r/elkton,Elkton
Maryland,/r/emmitsburg,Emmitsburg
Maryland,/r/gaithersburg,Gaithersburg
Maryland,/r/glenelg,Glenelg
Maryland,/r/hagerstown,Hagerstown
Maryland,/r/hampden,Hampden
Maryland,/r/harfordmd,Harford
Maryland,/r/harfordcountymd,Harford County
Maryland,/r/hoco,Howard County
Maryland,/r/joppatowne,Joppatowne
Maryland,/r/lansdownemd,Lansdowne
Maryland,/r/laurelmd,Laurel
Maryland,/r/lusby,Lusby
Maryland,/r/middletownmd,Middletown
Maryland,/r/montgomerycounty,Montgomery County
Maryland,/r/oceancity,Ocean City
Maryland,/r/odenton,Odenton
Maryland,/r/olney,Olney
Maryland,/r/parkville,Parkville
Maryland,/r/perryhall,Perryhall
Maryland,/r/poolesville,Poolesville
Maryland,/r/reisterstown,Reisterstown
Maryland,/r/silverspring,Silver Spring
Maryland,/r/somd,South Maryland
Maryland,/r/stmaryscounty,St. Mary's County
Maryland,/r/takomapark,Takoma Park
Maryland,/r/talbotcounty,Talbot County
Maryland,/r/towson,Towson
Maryland,/r/urbanamd,Urbana
Maryland,/r/waldorfmd,Waldorf
Maryland,/r/westernmaryland,Western Maryland
Maryland,/r/westminstermaryland,Westminster
Maryland,/r/wheatonmd,Wheaton
Maryland,/r/wyeoak,Wye Oak
Massachusetts,/r/mass,Mass
Massachusetts,/r/adamsma,Adams
Massachusetts,/r/agawam,Agawam
Massachusetts,/r/allstonrockcity,Allston
Massachusetts,/r/amesbury,Amesbury
Massachusetts,/r/amherst,Amherst
Massachusetts,/r/andover,Andover
Massachusetts,/r/theberkshires,Berkshire County
Massachusetts,/r/blackstonema,Blackstone
Massachusetts,/r/eastie,Boston East
Massachusetts,/r/brookline,Brookline
Massachusetts,/r/camberville,Camberville
Massachusetts,/r/townofcarver,Carver
Massachusetts,/r/centralma,Central Massachusetts
Massachusetts,/r/central_ma,Central_Massachusetts
Massachusetts,/r/chelseama,Chelsea
Massachusetts,/r/chestnuthill,Chestnut Hill
Massachusetts,/r/chicopee,Chicopee
Massachusetts,/r/cohasset,Cohasset
Massachusetts,/r/concordma,Concord
Massachusetts,/r/coolidgecorner,Coolidge Corner
Massachusetts,/r/dorchester,Dorchester
Massachusetts,/r/eastarlington,East Arlington
Massachusetts,/r/eastbridgewater,East Bridgewater
Massachusetts,/r/eastlongmeadow,East Longmeadow
Massachusetts,/r/fallriver,Fall River
Massachusetts,/r/framinghamma,Framingham
Massachusetts,/r/franklinmass,Franklin
Massachusetts,/r/franklinma,Franklin MA
Massachusetts,/r/georgetownma,Georgetown
Massachusetts,/r/gloucester,Gloucester
Massachusetts,/r/gloucesterma,Gloucester MA
Massachusetts,/r/grotonma,Groton
Massachusetts,/r/groveland,Groveland
Massachusetts,/r/holyoke,Holyoke
Massachusetts,/r/hopkunton,Hopkunton
Massachusetts,/r/hudsonma,Hudson
Massachusetts,/r/hydeparkma,Hyde Park
Massachusetts,/r/kendallsquare,Kendall Square
Massachusetts,/r/lowellma,Lowell MA
Massachusetts,/r/lowellmass,Lowell Mass
Massachusetts,/r/lowellmassachusetts,Lowell Massachusetts
Massachusetts,/r/ludlow,Ludlow
Massachusetts,/r/ludlowma,Ludlow MA
Massachusetts,/r/lynnma,Lynn
Massachusetts,/r/malden,Malden
Massachusetts,/r/mansfieldma,Mansfield
Massachusetts,/r/marblehead,Marblehead
Massachusetts,/r/marlborough,Marlborough
Massachusetts,/r/realmarshvegas,Marshfield
Massachusetts,/r/marthasvineyard,Martha's Vineyard
Massachusetts,/r/medfield,Medfield
Massachusetts,/r/millbury,Millbury
Massachusetts,/r/millis,Millis
Massachusetts,/r/miltonma,Milton
Massachusetts,/r/nantucket,Nantucket
Massachusetts,/r/natick,Natick
Massachusetts,/r/newbedford,New Bedford
Massachusetts,/r/newburyport,Newbury Port
Massachusetts,/r/newtonma,Newton
Massachusetts,/r/01535,North Brookfield (01535)
Massachusetts,/r/peabodyma,Peabody
Massachusetts,/r/01960,Peabody (01960)
Massachusetts,/r/pioneervalley,Pioneer Valley
Massachusetts,/r/plymouthma,Plymouth
Massachusetts,/r/provincetown,Provincetown
Massachusetts,/r/quinceyma,Quincy
Massachusetts,/r/rehobothma,Rehoboth
Massachusetts,/r/roxbury,Roxbury
Massachusetts,/r/saugus,Saugus
Massachusetts,/r/sharonma,Sharon
Massachusetts,/r/sherborn,Sherborn
Massachusetts,/r/shrewsbury,Shrewsbury
Massachusetts,/r/southcoast,South Coast
Massachusetts,/r/south_hadley,South Hadley
Massachusetts,/r/southshore,South Shore
Massachusetts,/r/southbridge,Southbridge
Massachusetts,/r/southwick,Southwick
Massachusetts,/r/springfield,Springfield
Massachusetts,/r/taunton,Taunton
Massachusetts,/r/tauntonma,Taunton
Massachusetts,/r/townsend,Townsend
Massachusetts,/r/turnersfalls,Turners Falls
Massachusetts,/r/walpole,Walpole
Massachusetts,/r/waltham,Waltham
Massachusetts,/r/wellesley,Wellesley
Massachusetts,/r/westspringfield,West Springfield
Massachusetts,/r/westernma,Western MA
Massachusetts,/r/413,Western MA (413)
Massachusetts,/r/westernmass,Western Massachusetts
Massachusetts,/r/western_mass,Western_Mass
Massachusetts,/r/westfieldma,Westfield
Massachusetts,/r/weston,Weston
Massachusetts,/r/whitinsville,Whitinsville
Massachusetts,/r/williamstown,Williamstown
Massachusetts,/r/winchestermass,Winchester
Massachusetts,/r/woburn,Woburn
Massachusetts,/r/wrentham,Wrentham
Michigan,/r/allendale,Allendale
Michigan,/r/almont,Almont
Michigan,/r/alpena,Alpena
Michigan,/r/battlecreek,Battle Creek
Michigan,/r/baycitymichigan,Bay City
Michigan,/r/blanchard,Blanchard
Michigan,/r/bloomfieldhills,Bloomfield Hills
Michigan,/r/charlevoix,Charlevoix
Michigan,/r/coopersville,Coopersville
Michigan,/r/davison,Davison
Michigan,/r/downriver,Downriver Area
Michigan,/r/durand,Durand
Michigan,/r/eastlansing,East Lansing
Michigan,/r/ferndale,Ferndale
Michigan,/r/flint,Flint
Michigan,/r/flintmi,Flint MI
Michigan,/r/fruitport,Fruitport
Michigan,/r/gardencitymi,Garden City
Michigan,/r/gladstone,Gladstone
Michigan,/r/grandhaven,Grand Haven
Michigan,/r/grandhavenmi,Grand Haven MI
Michigan,/r/grossepointe,Grosse Pointe
Michigan,/r/hamtramck,Hamtramck
Michigan,/r/harborsprings,Harbor Springs
Michigan,/r/haslett,Haslett
Michigan,/r/hesperiami,Hesperia
Michigan,/r/hollandmichigan,Holland
Michigan,/r/hollandmi,Holland MI
Michigan,/r/houghton,Houghton
Michigan,/r/howardcity,Howard City
Michigan,/r/hudsonville,Hudsonville
Michigan,/r/irishhills,Irish Hills
Michigan,/r/ironmountain,Iron Mountain
Michigan,/r/jacksonmi,Jackson
Michigan,/r/kalamazoomichigan,Kalamazoo
Michigan,/r/kentcountymichigan,Kent County
Michigan,/r/keweenaw,Keweenaw
Michigan,/r/lakelinden,Lake Linden
Michigan,/r/lapeer,Lapeer
Michigan,/r/leelanau,Leelanau
Michigan,/r/lenawee,Lenawee
Michigan,/r/livonia,Livonia
Michigan,/r/lowell,Lowell
Michigan,/r/ludington,Ludington
Michigan,/r/marinecity,Marine City
Michigan,/r/mqt,Marquette
Michigan,/r/masonmi,Mason
Michigan,/r/meridiantwp,Meridian Township
Michigan,/r/mesickmi,Mesick
Michigan,/r/midland,Midland
Michigan,/r/midland_mi,Midland MI
Michigan,/r/monroemi,Monroe
Michigan,/r/montague,Montague
Michigan,/r/mtpleasantmi,Mt. Pleasant
Michigan,/r/muskegon,Muskegon
Michigan,/r/newbaltimore,New Baltimore
Michigan,/r/newaygocounty,Newaygo County
Michigan,/r/okemos,Okemos
Michigan,/r/owosso,Owosso
Michigan,/r/parmami,Parma
Michigan,/r/petoskey,Petoskey
Michigan,/r/plymouthmi,Plymouth
Michigan,/r/posen,Posen
Michigan,/r/royaloak,Royal Oak
Michigan,/r/saginaw,Saginaw
Michigan,/r/saginawbay,Saginaw Bay
Michigan,/r/saginawmichigan,Saginaw MI
Michigan,/r/saintclairshores,Saint Clair Shores
Michigan,/r/shelbytwp,Shelby
Michigan,/r/southwestmichigan,Southwest Michigan
Michigan,/r/stclairshores,St. Clair Shores
Michigan,/r/st_joseph,St. Joseph
Michigan,/r/swmich,SW Michigan
Michigan,/r/swartzcreek,Swartz Creek
Michigan,/r/traversecity,Traverse City
Michigan,/r/uppermichigan,Upper Michigan
Michigan,/r/upmichigan,Upper Peninsula
Michigan,/r/washtenawannarbor,Washtenaw
Michigan,/r/westmi,West Michigan
Michigan,/r/westernlowermichigan,Western Lower Michigan
Michigan,/r/whitelake,White Lake
Michigan,/r/whitehall,Whitehall
Michigan,/r/yooper,Yooper
Michigan,/r/ypsilanti,Ypsilanti
Michigan,/r/ypsi,Ypsilanti (YPSI)
Minnesota,/r/anoka,Anoka
Minnesota,/r/bemidji,Bemidji
Minnesota,/r/burnsvillemn,Burnsville
Minnesota,/r/chanhassen,Chanhassen
Minnesota,/r/chaska,Chaska
Minnesota,/r/coonrapids,Coon Rapids
Minnesota,/r/cottagegrove,Cottage Grove
Minnesota,/r/eaganmn,Eagan
Minnesota,/r/eastbethelmn,East Bethel
Minnesota,/r/elkriver,Elk River
Minnesota,/r/hastingsmn,Hastings
Minnesota,/r/hibbing,Hibbing
Minnesota,/r/isantimn,Isanti
Minnesota,/r/kassonmantorville,Kasson and Mantorville
Minnesota,/r/mankato,Mankato
Minnesota,/r/maplegrovemn,Maple Grove
Minnesota,/r/minnetonka,Minnetonka
Minnesota,/r/morrismn,Morris
Minnesota,/r/moundmn,Mound
Minnesota,/r/moundsview,Mounds View
Minnesota,/r/owatonna,Owatonna
Minnesota,/r/plymouthmn,Plymouth
Minnesota,/r/redwingmn,Red Wing
Minnesota,/r/richfield,Richfield
Minnesota,/r/rosemount,Rosemount
Minnesota,/r/rosemountmn,Rosemount MN
Minnesota,/r/stpaul,St. Paul
Minnesota,/r/stpaulpark,St. Paul Park
Minnesota,/r/saintpeter,Saint Peter
Minnesota,/r/shakopee,Shakopee
Minnesota,/r/willmar,Willmar
Minnesota,/r/windommn,Windom
Minnesota,/r/winona,Winona
Mississippi,/r/amory,Amory
Mississippi,/r/biloxi,Biloxi
Mississippi,/r/edgewoodms,Edgewood
Mississippi,/r/ellisville,Ellisville
Mississippi,/r/hattiesburg,Hattiesburg
Mississippi,/r/jacksonms,Jackson
Mississippi,/r/meridian,Meridian
Mississippi,/r/natchez,Natchez
Mississippi,/r/oceansprings,Ocean Springs
Mississippi,/r/ptownms,Petal
Mississippi,/r/pontotoc,Pontotoc
Mississippi,/r/southaven,Southaven
Mississippi,/r/starkville,Starkville
Mississippi,/r/tunica,Tunica
Mississippi,/r/tupelo,Tupelo
Mississippi,/r/tupeloms,Tupelo MS
Mississippi,/r/webstercounty,Webster County
Mississippi,/r/locationreddits/wiki/faq/northamerica,Back to top
Missouri,/r/alton,Alton
Missouri,/r/bolivarmo,Bolivar
Missouri,/r/bunkermissouri,Bunker
Missouri,/r/chillicothemissouri,Chillicothe
Missouri,/r/co_mo,Columbia (Co_Mo)
Missouri,/r/fultonmo,Fulton
Missouri,/r/jackson_missouri,Jackson
Missouri,/r/jacksonmo,Jackson MO
Missouri,/r/joplin,Joplin
Missouri,/r/joplinmo,Joplin MO
Missouri,/r/kirksville,Kirksville
Missouri,/r/libertymo,Liberty
Missouri,/r/maryville,Maryville
Missouri,/r/midmo,Middle Missouri
Missouri,/r/montgomerycountymo,Montgomery County
Missouri,/r/newmadridcounty,New Madrid County
Missouri,/r/nwmissouri,Northwest Missouri
Missouri,/r/lakeoftheozarks,Ozarks Lakes
Missouri,/r/pleasanthillmo,Pleasant Hill
Missouri,/r/rayville,Rayville
Missouri,/r/rolla,Rolla
Missouri,/r/sedalia,Sedalia
Missouri,/r/stcharlesmo,St. Charles
Missouri,/r/stclairmo,St. Clair
Missouri,/r/stjoemo,St. Joseph
Missouri,/r/washmo,Washington
Missouri,/r/webstercounty,Webster County
Missouri,/r/westplains,West Plains
Missouri,/r/wildwoodmo,Wildwood
Missouri,/r/willardmo,Willard
Montana,/r/bigsky,Big Sky
Montana,/r/billings,Billings
Montana,/r/bitterroot,Bitterroot Valley
Montana,/r/darbymt,Darby
Montana,/r/eurekamt,Eureka
Montana,/r/glacier,Glacier National Park
Montana,/r/glacierpark,Glacier Park
Montana,/r/havre,Havre
Montana,/r/helena,Helena
Montana,/r/kalispell,Kalispell
Montana,/r/whitefish,Whitefish
Nebraska,/r/blair,Blair
Nebraska,/r/douglascounty,Douglas County
Nebraska,/r/fremontne,Fremont
Nebraska,/r/hastingsne,Hastings
Nebraska,/r/hastingsnebraska,Hastings NE
Nebraska,/r/kearney,Kearney
Nebraska,/r/kenesawnebraska,Kenesaw
Nebraska,/r/scottsbluffnebraska,Scottsbluff
Nebraska,/r/sewardne,Seward
Nebraska,/r/stromsburg,Stromsburg
Nebraska,/r/westernnebraska,Western Nebraska
Nevada,/r/crystalbay,Crystal Bay
Nevada,/r/elko,Elko
Nevada,/r/elynv,Ely
Nevada,/r/cityofhenderson,Henderson
Nevada,/r/inclinevillage,Incline Village
Nevada,/r/mesquite,Mesquite
Nevada,/r/winnemucca,Winnemucca
Nevada,/r/zephyrcove,Zephyr Cove
New Hampshire,/r/concordnh,Concord
New Hampshire,/r/conwaynh,Conway
New Hampshire,/r/durhamnh,Durham
New Hampshire,/r/etna,Etna
New Hampshire,/r/keene,Keene
New Hampshire,/r/winnipesaukee,Lake Winnipesaukee
New Hampshire,/r/nashua,Nashua
New Hampshire,/r/portsmouthnh,Portsmouth
New Hampshire,/r/seacoastnh,Seacoast
New Hampshire,/r/tuckermanravine,Tuckerman Ravine
New Jersey,/r/jersey,Jersey
New Jersey,/r/acquackanonk,Acquackanonk
New Jersey,/r/asburypark,Asbury Park
New Jersey,/r/whitebrier,Avalon
New Jersey,/r/bayonnenj,Bayonne
New Jersey,/r/belmar,Belmar
New Jersey,/r/bergencity,Bergen City
New Jersey,/r/bernardsville,Bernardsville
New Jersey,/r/blairstown,Blairstown
New Jersey,/r/blairstowne,Blairstowne
New Jersey,/r/boonton,Boonton
New Jersey,/r/bordentownnj,Bordentown
New Jersey,/r/bridgeton,Bridgeton
New Jersey,/r/caldwell,Caldwell
New Jersey,/r/camdencountynj,Camden County
New Jersey,/r/capemay,Cape May
New Jersey,/r/centraljersey,Central Jersey
New Jersey,/r/cherryhillnj,Cherry Hill
New Jersey,/r/clifton,Clifton
New Jersey,/r/collingswood,Collingswood
New Jersey,/r/cranbury,Cranbury
New Jersey,/r/cresskill,Cresskill
New Jersey,/r/eastbrunswick,East Brunswick
New Jersey,/r/edisonnj,Edison
New Jersey,/r/elmwoodpark,Elmwood Park
New Jersey,/r/fairlawn,Fair Lawn
New Jersey,/r/flemington,Flemington
New Jersey,/r/fortlee,Fort Lee
New Jersey,/r/gibbsboro,Gibbsboro
New Jersey,/r/gloucestercounty,Gloucester County
New Jersey,/r/hackettstown,Hackettstown
New Jersey,/r/haddonfield,Haddonfield
New Jersey,/r/haddontownship,Haddon Township
New Jersey,/r/hammonton,Hammonton
New Jersey,/r/hazlet,Hazlet
New Jersey,/r/hudsoncounty,Hudson County
New Jersey,/r/kearny,Kearny
New Jersey,/r/livingston,Livingston
New Jersey,/r/marlton,Marlton
New Jersey,/r/mayslanding,Mays Landing
New Jersey,/r/metuchen,Metuchen
New Jersey,/r/middlesexnj,Middlesex
New Jersey,/r/millville,Millville
New Jersey,/r/monmouthcounty,Monmouth County
New Jersey,/r/montclairnj,Montclair NJ
New Jersey,/r/njmontclair,Montclair
New Jersey,/r/montgomerynj,Montgomery
New Jersey,/r/morriscounty,Morris County
New Jersey,/r/morristownnj,Morristown
New Jersey,/r/mountainlakes,Mountain Lakes
New Jersey,/r/newbrunswicknj,New Brunswick
New Jersey,/r/newmilfordnj,New Milford
New Jersey,/r/newprovidence,New Providence
New Jersey,/r/oceancitynewjersey,Ocean City
New Jersey,/r/oceancitynj,Ocean City NJ
New Jersey,/r/oceancounty,Ocean County
New Jersey,/r/oceangrove,Ocean Grove
New Jersey,/r/pennington,Pennington
New Jersey,/r/rahway,Rahway
New Jersey,/r/ramseynj,Ramsey
New Jersey,/r/redbank,Red Bank
New Jersey,/r/sayreville,Sayreville
New Jersey,/r/seaislecity,Sea Isle City
New Jersey,/r/somersetnj,Somerset County
New Jersey,/r/609,Southeastern & Central (609)
New Jersey,/r/springfieldnj,Springfield
New Jersey,/r/sussexcounty,Sussex County
New Jersey,/r/tenafly,Tenafly
New Jersey,/r/trentonnj,Trenton
New Jersey,/r/veronanj,Verona
New Jersey,/r/vineland,Vineland
New Jersey,/r/westorange,West Orange
New Mexico,/r/alamogordo,Alamogordo
New Mexico,/r/bloomfieldnm,Bloomfield
New Mexico,/r/gallup,Gallup
New Mexico,/r/gallupnm,Gallup NM
New Mexico,/r/lascruces,Las Cruces
New Mexico,/r/losalamos,Los Alamos
New Mexico,/r/lovington,Lovington
New Mexico,/r/quaycounty,Quay County
New Mexico,/r/roswellnm,Roswell
New Mexico,/r/silvercity,Silver City
New Mexico,/r/newmex,Southern New Mexico
New Mexico,/r/taos,Taos
New Mexico,/r/tucumcari,Tucumcari
New York,/r/empirestate,Empire State
New York,/r/agloe,Agloe
New York,/r/allegany,Allegany State Park
New York,/r/bayridge,Bay Ridge
New York,/r/beacon,Beacon
New York,/r/beaconny,Beacon NY
New York,/r/brewster,Brewster
New York,/r/bronx,Bronx
New York,/r/bronxville,Bronxville
New York,/r/bushwick,Bushwick
New York,/r/cny,Central New York
New York,/r/centralpark,Central Park
New York,/r/chappaquany,Chappaqua
New York,/r/cherryvalley,Cherry Valley
New York,/r/clarkstown,Clarkstown
New York,/r/cobleskill,Cobleskill
New York,/r/coneyisland,Coney Island
New York,/r/cooperstownny,Cooperstown
New York,/r/corning,Corning
New York,/r/cortlandny,Cortland
New York,/r/eastaurora,East Aurora
New York,/r/eastmeadow,East Meadow
New York,/r/eastvillage,East Village
New York,/r/elma,Elma
New York,/r/elmirany,Elmira
New York,/r/endicott,Endicott
New York,/r/flushingqueens,Flushing
New York,/r/foresthills,Forest Hills
New York,/r/fortgreene,Fort Greene
New York,/r/franklinsquare,Franklin Square
New York,/r/genesee,Genesee County
New York,/r/genevany,Geneva
New York,/r/glensfalls,Glens Falls
New York,/r/glensfallsny,Glens Falls NY
New York,/r/harlemusa,Harlem
New York,/r/hornell,Hornell
New York,/r/hudsonny,Hudson
New York,/r/hton,Huntington
New York,/r/jacksonheights,Jackson Heights
New York,/r/jamestownny,Jamestown
New York,/r/larchmont,Larchmont
New York,/r/lbny,Long Beach
New York,/r/lowereastside,Lower East Side
New York,/r/mahopac,Mahopac
New York,/r/manhattan,Manhattan
New York,/r/massena,Massena
New York,/r/millbrook,Millbrook
New York,/r/narrowsburg,Narrowsburg
New York,/r/nassaucounty,Nassau County
New York,/r/newhydepark,New Hyde Park
New York,/r/localnyc,"New York City, locals"
New York,/r/uptownnyc,"New York City, Uptown"
New York,/r/newburgh,Newburgh
New York,/r/cityofnewburghny,Newburgh NY
New York,/r/niagarafallsny,Niagara Falls
New York,/r/niskayuna,Niskayuna
New York,/r/ogdensburg,Ogdensburg
New York,/r/olean,Olean
New York,/r/ocny,Orange County
New York,/r/ossining,Ossining
New York,/r/owego,Owego
New York,/r/parkslope,Park Slope
New York,/r/pelham,Pelham
New York,/r/philmontny,Philmont
New York,/r/plattsburgh,Plattsburgh
New York,/r/12901,Plattsburgh (12901)
New York,/r/portwashington,Port Washington
New York,/r/rhinebeck,Rhinebeck
New York,/r/ridgewood,Ridgewood
New York,/r/rooseveltisland,Roosevelt Island
New York,/r/ryeny,Rye
New York,/r/salamanca,Salamanca
New York,/r/saratogasprings,Saratoga Springs
New York,/r/schenectady,Schenectady
New York,/r/schoharie,Schoharie County
New York,/r/scottsville,Scottsville
New York,/r/southwedge,South Wedge
New York,/r/thehamptons,The Hamptons
New York,/r/utica,Utica
New York,/r/vancortlandtpark,Van Cortlandt Park
New York,/r/vestal,Vestal
New York,/r/wantagh,Wantagh
New York,/r/websterny,Webster
New York,/r/wellsvilleny,Wellsville
New York,/r/westislip,West Islip
New York,/r/westnewyork,West New York
New York,/r/wny,Western New York
New York,/r/whiteplainsny,White Plains
New York,/r/williamsburg,Williamsburg
New York,/r/williamson,Williamson
New York,/r/yonkers,Yonkers
North Carolina,/r/asheboro,Asheboro
North Carolina,/r/boone,Boone
North Carolina,/r/brevard,Brevard
North Carolina,/r/brysoncity,Bryson City
North Carolina,/r/buncombe,Buncombe County
North Carolina,/r/cabarruscounty,Cabarrus County
North Carolina,/r/chapelhill,Chapel Hill
North Carolina,/r/cherokeenc,Cherokee
North Carolina,/r/concordnc,Concord
North Carolina,/r/cornelius,Cornelius
North Carolina,/r/creedmoor,Creedmoor
North Carolina,/r/elizabethcity,Elizabeth City
North Carolina,/r/fayettenam,Fayetteville
North Carolina,/r/forestcity,Forest City
North Carolina,/r/fuquayvarina,Fuquay Varina
North Carolina,/r/gastonia,Gastonia
North Carolina,/r/gvegas,Greenville
North Carolina,/r/hampstead,Hampstead
North Carolina,/r/harrisburgnc,Harrisburg
North Carolina,/r/hendersonville,Hendersonville
North Carolina,/r/highpointnc,High Point
North Carolina,/r/hillsborough,Hillsborough
North Carolina,/r/hollyspringsnc,Holly Springs
North Carolina,/r/hopemills,Hope Mills
North Carolina,/r/huntersville,Huntersville
North Carolina,/r/lakegaston,Lake Gaston
North Carolina,/r/lkn,Lake Norman Area
North Carolina,/r/leland,Leland
North Carolina,/r/lenoir,Lenoir
North Carolina,/r/mocksville,Mocksville
North Carolina,/r/monroe,Monroe
North Carolina,/r/morrisville,Morrisville
North Carolina,/r/mountairy,Mount Airy
North Carolina,/r/ocracoke,Ocracoke Island
North Carolina,/r/obx,Outer Banks
North Carolina,/r/pinehurst,Pinehurst
North Carolina,/r/sanfordnc,Sanford
North Carolina,/r/shallotte,Shallotte
North Carolina,/r/shelbync,Shelby
North Carolina,/r/sneadsferry,Sneads Ferry
North Carolina,/r/sprucepine,Spruce Pine
North Carolina,/r/surfcity,Surf City
North Carolina,/r/thomasville,Thomasville
North Carolina,/r/topsail,Topsail Island
North Carolina,/r/waxhaw,Waxhaw
North Carolina,/r/waynesville,Waynesville
North Carolina,/r/wnc,Western North Carolina
North Carolina,/r/wilsonnc,Wilson
North Carolina,/r/zebulon,Zebulon
North Dakota,/r/bathgate,Bathgate
North Dakota,/r/bismarck,Bismarck
North Dakota,/r/bismarckmandan,Bismarck-Mandan
North Dakota,/r/beulah,Beulah
North Dakota,/r/grandforks,Grand Forks
North Dakota,/r/hettinger,Hettinger
North Dakota,/r/jamestownnd,Jamestown
North Dakota,/r/mandan,Mandan
North Dakota,/r/minot,Minot
North Dakota,/r/thompson_northdakota,Thompson
North Dakota,/r/williston,Williston
North Dakota,/r/locationreddits/wiki/faq/northamerica,Back to top
Ohio,/r/ashlandohio,Ashland
Ohio,/r/beavercreekoh,Beaver Creek
Ohio,/r/bgohio,Bowling Green
Ohio,/r/canfield,Canfield
Ohio,/r/canton,Canton
Ohio,/r/centerburg,Centerburg
Ohio,/r/chagrinfalls,Chagrin Falls
Ohio,/r/chardon,Chardon
Ohio,/r/chillicothe,Chillicothe
Ohio,/r/clintoncounty,Clinton County
Ohio,/r/cuyahoga,Cuyahoga
Ohio,/r/cuyahogafalls,Cuyahoga Falls
Ohio,/r/eastcanton,East Canton
Ohio,/r/eaton,Eaton
Ohio,/r/elyria,Elyria
Ohio,/r/fairborn,Fairborn
Ohio,/r/findlay,Findlay
Ohio,/r/gahanna,Gahanna
Ohio,/r/geauga,Geauga County
Ohio,/r/grandviewheightsohio,Grandview Heights
Ohio,/r/gville,Granville
Ohio,/r/granvilleohio,Granville OH
Ohio,/r/hilliard,Hilliard
Ohio,/r/howland,Howland
Ohio,/r/hudsonoh,Hudson
Ohio,/r/kent,Kent
Ohio,/r/lakewood,Lakewood
Ohio,/r/lewiscenter,Lewis Center
Ohio,/r/lima,Lima
Ohio,/r/lorain,Lorain
Ohio,/r/mahoningvalley,Mahoning Valley
Ohio,/r/mansfield,Mansfield
Ohio,/r/mariettaoh,Marietta
Ohio,/r/massillon,Massillon
Ohio,/r/44646,Massillon (44646)
Ohio,/r/maumee,Maumee
Ohio,/r/medinaohio,Medina
Ohio,/r/cityofmentor,Mentor
Ohio,/r/mercercountyohio,Mercer County
Ohio,/r/middletownohio,Middletown
Ohio,/r/monroe_county,Monroe County
Ohio,/r/morgancounty,Morgan County
Ohio,/r/mountvernon,Mt. Vernon
Ohio,/r/nerk,Newark (Nerk)
Ohio,/r/pataskala,Pataskala
Ohio,/r/portclinton,Port Clinton
Ohio,/r/portagelakes,Portage Lakes
Ohio,/r/ravenna,Ravenna
Ohio,/r/reynoldsburg,Reynoldsburg
Ohio,/r/sandusky,Sandusky
Ohio,/r/shelbyohio,Shelby
Ohio,/r/solonoh,Solon
Ohio,/r/southernohio,Southern Ohio
Ohio,/r/springfieldoh,Springfield
Ohio,/r/starkcounty,Stark County
Ohio,/r/starkcountyohio,Stark County OH
Ohio,/r/steubenville,Steubenville
Ohio,/r/sylvania,Sylvania
Ohio,/r/tcounty,Tuscarawas County
Ohio,/r/vanwert,Van Wert
Ohio,/r/wadsworthoh,Wadsworth
Ohio,/r/wauseonohio,Wauseon
Ohio,/r/westcentralohio,West Central Ohio
Ohio,/r/westerville,Westerville
Ohio,/r/yellowsprings,Yellow Springs
Ohio,/r/youngstown,Youngstown
Ohio,/r/zanesville,Zanesville
Oklahoma,/r/ardmore,Ardmore
Oklahoma,/r/bville,Bartlesville
Oklahoma,/r/beggs,Beggs
Oklahoma,/r/choctawok,Choctaw
Oklahoma,/r/claremore,Claremore
Oklahoma,/r/duncanok,Duncan
Oklahoma,/r/glenpool,Glenpool
Oklahoma,/r/hominy,Hominy
Oklahoma,/r/mooreok,Moore
Oklahoma,/r/muskogee,Muskogee
Oklahoma,/r/nwok,Northwest Oklahoma
Oklahoma,/r/owasso,Owasso
Oklahoma,/r/tahlequah,Tahlequah
Oregon,/r/orygun,Orygun
Oregon,/r/ashland,Ashland
Oregon,/r/beaverton,Beaverton
Oregon,/r/brookings,Brookings
Oregon,/r/canbyoregon,Canby
Oregon,/r/forestgrove,Forest Grove
Oregon,/r/cannonbeach,Cannon Beach
Oregon,/r/centraloregon,Central Oregon
Oregon,/r/clackamas,Clackamas County
Oregon,/r/collinsbeach,Collins Beach
Oregon,/r/creswellor,Creswell
Oregon,/r/easternoregon,Eastern Oregon
Oregon,/r/grantspass,Grants Pass
Oregon,/r/hillsboro,Hillsboro
Oregon,/r/keizer,Keizer
Oregon,/r/klamathfalls,Klamath Falls
Oregon,/r/lanecountyoregon,Lane County
Oregon,/r/lakeoswego,Lake Oswego
Oregon,/r/mcminnville,McMinnville
Oregon,/r/newberg,Newberg
Oregon,/r/newportor,Newport
Oregon,/r/redmondor,Redmond
Oregon,/r/roguevalley,Rogue Valley
Oregon,/r/roseburg,Roseburg
Oregon,/r/seaside,Seaside
Oregon,/r/sherwoodoregon,Sherwood
Oregon,/r/silverton,Silverton
Oregon,/r/southernoregon,Southern Oregon
Oregon,/r/springfieldor,Springfield
Oregon,/r/thedalles,The Dalles
Oregon,/r/tigard,Tigard
Oregon,/r/troutdale_oregon,Troutdale
Oregon,/r/tualatin,Tualatin
Oregon,/r/westlinnor,West Linn
Pennsylvania,/r/kingallentown,Allentown
Pennsylvania,/r/allwoodmanor,Allwood Manor
Pennsylvania,/r/altoona,Altoona
Pennsylvania,/r/aston,Aston
Pennsylvania,/r/beaverpa,Beaver
Pennsylvania,/r/beavercounty,Beaver County
Pennsylvania,/r/berksco,Berks County
Pennsylvania,/r/bethelpark,Bethel Park
Pennsylvania,/r/bethlehem,Bethlehem
Pennsylvania,/r/bloomsburg,Bloomsburg
Pennsylvania,/r/bluemtn,Blue Mountain
Pennsylvania,/r/butlerpa,Butler
Pennsylvania,/r/centralpa,Central Pennsylvania
Pennsylvania,/r/chestercounty,Chester County
Pennsylvania,/r/cheswick,Cheswick
Pennsylvania,/r/conshohocken,Conshohocken
Pennsylvania,/r/coudersport,Coudersport
Pennsylvania,/r/dillsburg,Dillsburg
Pennsylvania,/r/downingtown,Downingtown
Pennsylvania,/r/duboispa,DuBois
Pennsylvania,/r/easternpa,Eastern Pennsylvania
Pennsylvania,/r/easton,Easton
Pennsylvania,/r/edinboro,Edinboro
Pennsylvania,/r/elkmountain,Elk Mountain
Pennsylvania,/r/enola,Enola
Pennsylvania,/r/fawngrove,Fawn Grove
Pennsylvania,/r/gettysburg,Gettysburg
Pennsylvania,/r/hanoverpa,Hanover
Pennsylvania,/r/harrisburg,Harrisburg
Pennsylvania,/r/harrisburgpa,Harrisburg PA
Pennsylvania,/r/hazleton,Hazleton
Pennsylvania,/r/hermitage,Hermitage
Pennsylvania,/r/hershey,Hershey
Pennsylvania,/r/highspire,Highspire
Pennsylvania,/r/honesdale,Honesdale
Pennsylvania,/r/horsham,Horsham
Pennsylvania,/r/johnstown,Johnstown
Pennsylvania,/r/kingofprussia,King of Prussia
Pennsylvania,/r/lansdale,Lansdale
Pennsylvania,/r/levittown,Levittown
Pennsylvania,/r/lititz,Lititz
Pennsylvania,/r/manayunk,Manayunk
Pennsylvania,/r/mercercounty,Mercer County
Pennsylvania,/r/montco,Montgomery County
Pennsylvania,/r/montgomeryville,Montgomeryville
Pennsylvania,/r/lebo,Mt. Lebanon
Pennsylvania,/r/mtlebo,Mt. Lebo(non)
Pennsylvania,/r/murrysville,Murrysville
Pennsylvania,/r/newhopepa,NewHope
Pennsylvania,/r/nepa,Northeast Pennsylvania (NEPA)
Pennsylvania,/r/nephilly,Northeast Philly
Pennsylvania,/r/nwpa,Northwest Pennsylvania(NWPA)
Pennsylvania,/r/pikecountypa,Pike County
Pennsylvania,/r/poconos,Poconos Region
Pennsylvania,/r/pottsville,Pottsville
Pennsylvania,/r/rhawnhurst,Rhawnhurst
Pennsylvania,/r/scranton,Scranton
Pennsylvania,/r/shaler,Shaler
Pennsylvania,/r/sharpsville,Sharpsville
Pennsylvania,/r/shippensburg,Shippensburg
Pennsylvania,/r/springfielddelco,Springfield Delco
Pennsylvania,/r/stroudsburg,Stroudsburg
Pennsylvania,/r/towanda,Towanda
Pennsylvania,/r/trevose,Trevose
Pennsylvania,/r/upperstclair,Upper St. Clair
Pennsylvania,/r/venangocountypa,Venango County
Pennsylvania,/r/westmifflin,West Mifflin
Pennsylvania,/r/wexford,Wexford
Pennsylvania,/r/wilkesbarre,Wilkes-Barre
Pennsylvania,/r/williamsport,Williamsport
Pennsylvania,/r/wynnewood,Wynnewood
Pennsylvania,/r/yardley,Yardley
Rhode Island,/r/blockisland,Block Island
Rhode Island,/r/eastgreenwich,East Greenwich
Rhode Island,/r/kentcountyri,Kent County
Rhode Island,/r/misquamicut,Misquamicut
Rhode Island,/r/narragansett,Narragansett
Rhode Island,/r/newport,Newport
Rhode Island,/r/pawtucket,Pawtucket
Rhode Island,/r/southcounty,South County
South Carolina,/r/abbevillesc,Abbeville
South Carolina,/r/andersonsc,Anderson
South Carolina,/r/andersoncounty,Anderson County
South Carolina,/r/beaufort,Beaufort
South Carolina,/r/calhounfalls,Calhoun Falls
South Carolina,/r/danielisland,Daniel Island
South Carolina,/r/easley,Easley
South Carolina,/r/edgefieldsc,Edgefield
South Carolina,/r/florence,Florence
South Carolina,/r/fortmillsc,Fort Mill
South Carolina,/r/gtownsc,Georgetown
South Carolina,/r/hiltonhead,Hilton Head
South Carolina,/r/newberry,Newberry
South Carolina,/r/oconeesc,Oconee County
South Carolina,/r/pawleysisland,Pawleys Island
South Carolina,/r/spartanburg,Spartanburg
South Carolina,/r/summervillesc,Summerville
South Carolina,/r/spartanburgsc,Spartanburg SC
South Dakota,/r/blackhills,Black Hills
South Dakota,/r/theblackhills,"Black Hills, the"
South Dakota,/r/madisonsd,Madison
South Dakota,/r/mtrushmore,Mount Rushmore
South Dakota,/r/pierre,Pierre
Tennessee,/r/totallytennessee,Totally Tennessee
Tennessee,/r/bartlett,Bartlett
Tennessee,/r/clarksville,Clarksville
Tennessee,/r/collierville,Collierville
Tennessee,/r/cookeville,Cookeville
Tennessee,/r/dandridgetn,Dandridge
Tennessee,/r/franklintn,Franklin
Tennessee,/r/gatlinburgtn,Gatlinburg
Tennessee,/r/gsmnp,Great Smoky Mountain National Park
Tennessee,/r/hickmancountytn,Hickman County
Tennessee,/r/lenoircity,Lenoir City
Tennessee,/r/livingston_tn,Livingston
Tennessee,/r/maryvilletn,Maryville
Tennessee,/r/mcminnvilletn,Mcminnville
Tennessee,/r/middletn,Middle Tennessee
Tennessee,/r/morristowntn,Morristown
Tennessee,/r/powelltn,Powell
Tennessee,/r/springhill,Spring Hill
Tennessee,/r/westtn,West Tennessee
Tennessee,/r/whitehousetn,White House
Tennessee,/r/williamsoncountytn,Williamson County
Texas,/r/abilenetexas,Abilene
Texas,/r/dyess,Abilene (dyess)
Texas,/r/allen,Allen
Texas,/r/allentx,Allen TX
Texas,/r/aransaspass,Aransas Pass
Texas,/r/atascocitatx,Atascocita
Texas,/r/realaustin,Austin (real)
Texas,/r/bastroptx,Bastrop
Texas,/r/baycitytx,Bay City
Texas,/r/baytown,Baytown
Texas,/r/beaumont,Beaumont
Texas,/r/bedford,Bedford
Texas,/r/belton,Belton
Texas,/r/benbrook,Benbrook
Texas,/r/bigbendtx,Big Bend National Park
Texas,/r/bocachica,Boca Chica
Texas,/r/boerne,Boerne
Texas,/r/boyd,Boyd
Texas,/r/brownwood_texas,Brownwood
Texas,/r/bcstx,Bryan College Station
Texas,/r/burleson,Burleson
Texas,/r/castroville,Castroville
Texas,/r/cedarcreek,Cedar Creek
Texas,/r/cedarpark,Cedar Park
Texas,/r/clearlake,Clearlake
Texas,/r/collincounty,Collin County
Texas,/r/commercetx,Commerce
Texas,/r/conroe,Conroe
Texas,/r/copperascove,Copperas Cove
Texas,/r/corsicanatx,Corsicana
Texas,/r/cypresstx,Cypress
Texas,/r/easttexas,East Texas
Texas,/r/easttx,East TX
Texas,/r/east_texas,East_Texas
Texas,/r/edinburg,Edinburg
Texas,/r/elgintx,Elgin
Texas,/r/euless,Euless
Texas,/r/flowermound,Flower Mound
Texas,/r/forney,Forney
Texas,/r/fortbend,Fort Bend
Texas,/r/friendswood,Friendswood
Texas,/r/frisco,Frisco
Texas,/r/fulshear,Fulshear
Texas,/r/galveston,Galveston
Texas,/r/garlandtx,Garland
Texas,/r/georgetowntx,Georgetown
Texas,/r/granbury,Granbury
Texas,/r/harlingen,Harlingen
Texas,/r/heidenheimer,Heidenheimer
Texas,/r/highlandvillage,Highland Village
Texas,/r/huntcounty,Hunt County
Texas,/r/huntsvilletx,Huntsville
Texas,/r/hurst,Hurst
Texas,/r/irvingtexas,Irving
Texas,/r/jerseyvillage,Jersey Village
Texas,/r/jollyville,Jollyville
Texas,/r/karnescity,Karnes City
Texas,/r/katytx,Katy
Texas,/r/katy_texas,Katy TX
Texas,/r/keller,Keller
Texas,/r/kennedale,Kennedale
Texas,/r/kingwood,Kingwood
Texas,/r/laketravis,Lake Travis
Texas,/r/laredo,Laredo
Texas,/r/cityoflaredo,"Laredo, city of"
Texas,/r/lascruces,"Las Cruces, NM"
Texas,/r/lewisville,Lewisville
Texas,/r/lockhart,Lockhart
Texas,/r/longviewtexas,Longview
Texas,/r/marblefalls,Marble Falls
Texas,/r/mckinney,McKinney
Texas,/r/mesquitetx,Mesquite
Texas,/r/mineralwells,Mineral Wells
Texas,/r/nacogdoches,Nacogdoches
Texas,/r/oakcliff,Oak Cliff
Texas,/r/odessatx,Odessa
Texas,/r/pearland,Pearland
Texas,/r/pflugerville,Pflugerville
Texas,/r/prosper,Prosper
Texas,/r/richardson,Richardson
Texas,/r/riveroaks,River Oaks
Texas,/r/roundrock,Round Rock
Texas,/r/roundrocktexas,Round Rock TX
Texas,/r/rowlett,Rowlett
Texas,/r/roysecity,Royse City
Texas,/r/san_angelo,San Angelo
Texas,/r/sanger,Sanger
Texas,/r/schlitterbahn,Schlitterbahn
Texas,/r/southtexas,South Texas
Texas,/r/setx,Southeast Texas
Texas,/r/southlake,Southlake
Texas,/r/springbranch,Spring Branch
Texas,/r/stephenville,Stephenville
Texas,/r/texarkana,Texarkana
Texas,/r/hillcountry,Texas Hill Country
Texas,/r/thecolony,The Colony
Texas,/r/valley956,The Valley (956)
Texas,/r/thewoodlands,The Woodlands
Texas,/r/tylertx,Tyler
Texas,/r/vtown,Victoria
Texas,/r/westcentraltexas,West Central Texas
Texas,/r/westtexas,West Texas
Texas,/r/whitesettlement,White Settlement
Texas,/r/wimberley,Wimberley
Utah,/r/cedarcity,Cedar City
Utah,/r/eaglemountain,Eagle Mountain
Utah,/r/kanab,Kanab
Utah,/r/logan,Logan
Utah,/r/millcreek,Mill Creek
Utah,/r/moab,Moab
Utah,/r/ogden,Ogden
Utah,/r/orem,Orem
Utah,/r/parkcity,Park City
Utah,/r/provoutah,Provo
Utah,/r/southernutah,Southern Utah
Utah,/r/stgeorge,St. George
Utah,/r/tooele,Tooele
Utah,/r/zionnationalpark,Zion National Park
Utah,/r/zionnp,Zion NP
Utah,/r/locationreddits/wiki/faq/northamerica,Back to top
Vermont,/r/barre,Barre
Vermont,/r/btv,Burlington (BTV)
Vermont,/r/jerichounderhill,Jericho-Underhill
Vermont,/r/killington,Killington
Vermont,/r/montpelier,Montpelier
Vermont,/r/quechee,Quechee
Vermont,/r/southburlington,South Burlington
Vermont,/r/stalbansvt,St. Albans
Vermont,/r/stjohnsbury,St. Johnsbury
Vermont,/r/winooski,Winooski
Virginia,/r/alleghanyco,Alleghany County
Virginia,/r/ashlandva,AshlandVA
Virginia,/r/blacksburg,Blacksburg
Virginia,/r/bluemont,Bluemont
Virginia,/r/bonair,Bon Air
Virginia,/r/buchanan,Buchanan
Virginia,/r/chesapeake,Chesapeake
Virginia,/r/chesapeakebay,Chesapeake Bay
Virginia,/r/chesterfieldva,Chesterfield County
Virginia,/r/coastalvirginia,Coastal Virginia
Virginia,/r/culpeper,Culpeper
Virginia,/r/dickensonva,Dickenson County
Virginia,/r/thedmv,District of Columbia/Maryland/Northern Virginia
Virginia,/r/easternshoreva,Eastern Shore VA
Virginia,/r/fairfaxcounty,Fairfax County
Virginia,/r/fallschurch,Falls Church
Virginia,/r/fauquiercounty,Fauquier County
Virginia,/r/fredericksburg,Fredericksburg
Virginia,/r/henricocounty,Henrico County
Virginia,/r/hamptonroads,Hampton Roads
Virginia,/r/hanoverco,Hanover County
Virginia,/r/harrisonburg,Harrisonburg
Virginia,/r/herndonva,Herndon
Virginia,/r/leesburg,Leesburg
Virginia,/r/lexvegasva,Lexington (Lexvegas)
Virginia,/r/loudounsubbutbetter,Loudoun County
Virginia,/r/lurayva,Luray
Virginia,/r/lynchburg,Lynchburg
Virginia,/r/jamesriver,James River
Virginia,/r/merrifield,Merrifield
Virginia,/r/montclairva,Montclair
Virginia,/r/newkent,New Kent County
Virginia,/r/nrv,New River Valley
Virginia,/r/newportnews,Newport News
Virginia,/r/orangeva,Orange County
Virginia,/r/powhatan,Powhatan County
Virginia,/r/reston,Reston
Virginia,/r/petersburg,Petersburg
Virginia,/r/757,Southeast Virginia (757)
Virginia,/r/swva,Southwest Virginia
Virginia,/r/stafford,Stafford
Virginia,/r/staunton,Staunton
Virginia,/r/stauntonva,Staunton VA
Virginia,/r/tysonsva,Tysons
Virginia,/r/waynesboro,Waynesboro
Virginia,/r/williamsburgva,Williamsburg
Virginia,/r/winchester,Winchester
Washington,/r/coastalwa,Coastal Washington
Washington,/r/anacortes,Anacortes
Washington,/r/bainbridgeisland,Bainbridge Island
Washington,/r/bothell,Bothell
Washington,/r/bremerton,Bremerton
Washington,/r/burien,Burien
Washington,/r/camaswashington,Camas
Washington,/r/capitolhillsea,Capitol Hill
Washington,/r/castlerockwa,Castle Rock
Washington,/r/clallam,Clallam County
Washington,/r/covingtonwa,Covington
Washington,/r/duvall,Duvall
Washington,/r/duvall_washington,Duvall WA
Washington,/r/eatonville,Eatonville
Washington,/r/federalway,Federal Way
Washington,/r/ferndalewashington,Ferndale
Washington,/r/forkswa,Forks
Washington,/r/grandcoulee,Grand Coulee
Washington,/r/graysharbor,Grays Harbor
Washington,/r/hockinson,Hockinson
Washington,/r/issaquah,Issaquah
Washington,/r/kentwashington,Kent
Washington,/r/kentwa,Kent WA
Washington,/r/kingcounty,King County
Washington,/r/kirkland,Kirkland
Washington,/r/kitsap,Kitsap
Washington,/r/kittitas,Kittitas
Washington,/r/lacey,Lacey
Washington,/r/lakestevenswa,Lake Stevens
Washington,/r/langleywa,Langley
Washington,/r/lewiscounty,Lewis County
Washington,/r/longview,Longview
Washington,/r/longviewwa,Longview WA
Washington,/r/lynnwood,Lynnwood
Washington,/r/lynnwoodwa,Lynnwood WA
Washington,/r/marysville,Marysville
Washington,/r/mercerisland,Mercer Island
Washington,/r/mountbaker,Mt. Baker
Washington,/r/rainier,Mt. Rainier
Washington,/r/mukilteo,Mukilteo
Washington,/r/oceanshores,Ocean Shores
Washington,/r/olympicnationalpark,Olympic National Park
Washington,/r/olympicpeninsula,Olympic Peninsula
Washington,/r/olympic_peninsula,Olympic_Peninsula
Washington,/r/parkland,Parkland
Washington,/r/portangeles,Port Angeles
Washington,/r/porttownsend,Port Townsend
Washington,/r/poulsbo,Poulsbo
Washington,/r/puyallupwa,Puyallup
Washington,/r/redmond,Redmond
Washington,/r/renton,Renton
Washington,/r/renton_wa,Renton WA
Washington,/r/salkum,Salkum
Washington,/r/sammamish,Sammamish
Washington,/r/sanjuanislands,San Juan Islands
Washington,/r/seatac,Seattle Tacoma
Washington,/r/sheltonwa,Shelton
Washington,/r/shoreline,Shoreline
Washington,/r/snohomish,Snohomish
Washington,/r/snohomishcounty,Snohomish County
Washington,/r/snoqualmie,Snoqualmie
Washington,/r/stanhood,Stanwood
Washington,/r/stevenspass,Stevens Pass
Washington,/r/sumner,Sumner
Washington,/r/tulalip,Tulalip
Washington,/r/tukwila,Tukwila
Washington,/r/tumwater,Tumwater
Washington,/r/downtownvancouver,"Vancouver, Downtown"
Washington,/r/wallawalla,Walla Walla
Washington,/r/wallawallawashington,Walla Walla WA
Washington,/r/wenatchee,Wenatchee
Washington,/r/whidbey,Whidbey Island
Washington,/r/yakima,Yakima
West Virginia,/r/beckleyonreddit,Beckley
West Virginia,/r/bomontwv,Bomont
West Virginia,/r/towpath,Chesapeake & Ohio Canal
West Virginia,/r/coalwood,Coalwood
West Virginia,/r/easternpanhandle,Eastern Panhandle
West Virginia,/r/elkinswv,Elkins
West Virginia,/r/fairmont,Fairmont
West Virginia,/r/hampshirecounty,Hampshire County
West Virginia,/r/fairmontwv,Fairmont
West Virginia,/r/martinsburg,Martinsburg
West Virginia,/r/morgantownwv,Morgantown
West Virginia,/r/parkersburg,Parkersburg
West Virginia,/r/sissonville,Sissonville
West Virginia,/r/snowshoemountain,Snowshoe Mountain
West Virginia,/r/webstercounty,Webster County
West Virginia,/r/westonwv,Weston
West Virginia,/r/wheelingwv,Wheeling
Wisconsin,/r/antigo,Antigo
Wisconsin,/r/bayview,Bayview
Wisconsin,/r/beloitwisconsin,Beloit
Wisconsin,/r/brillion,Brillion
Wisconsin,/r/chequamegon_bay_wi,Chequamegon Bay
Wisconsin,/r/doorcounty,Door County
Wisconsin,/r/eauclaire,Eau Claire
Wisconsin,/r/eau_claire,Eau_Claire
Wisconsin,/r/ec_wisc,Eau Claire WI
Wisconsin,/r/fonddulac,Fond du Lac
Wisconsin,/r/foxcities,Fox Cities
Wisconsin,/r/foxvalleywi,Fox Valley
Wisconsin,/r/hortonville,Hortonville
Wisconsin,/r/janesville,Janesville
Wisconsin,/r/manitowoc,Manitowoc
Wisconsin,/r/mequon,Mequon
Wisconsin,/r/middletonwi,Middleton
Wisconsin,/r/oakfield,Oakfield
Wisconsin,/r/oshkosh,Oshkosh
Wisconsin,/r/racinewi,Racine
Wisconsin,/r/riverfallswi,River Falls
Wisconsin,/r/riverwest,Riverwest
Wisconsin,/r/sheboygan,Sheboygan
Wisconsin,/r/swwisconsin,Southwest Wisconsin
Wisconsin,/r/spartawi,Sparta
Wisconsin,/r/stevenspoint,Stevens Point
Wisconsin,/r/veronawisconsin,Verona
Wisconsin,/r/waukesha,Waukesha
Wisconsin,/r/waukeshawi,Waukesha WI
Wisconsin,/r/waukeshacounty,Waukesha County
Wisconsin,/r/waunakee,Waunakee
Wisconsin,/r/wausau,Wausau
Wisconsin,/r/westallis,West Allis
Wisconsin,/r/westbend,West Bend
Wisconsin,/r/wi_boonies,Wisconsin Boonies
Wyoming,/r/casper,Casper
Wyoming,/r/cheyenne,Cheyenne
Wyoming,/r/cody_wy,Cody
Wyoming,/r/gillette,Gillette
Wyoming,/r/grandtetons,Grand Tetons National Park
Wyoming,/r/jacksonhole,Jackson Hole
Wyoming,/r/laramie,Laramie
Wyoming,/r/sheridanwyoming,Sheridan
Wyoming,/r/starvalley,Star Valley
Wyoming,/r/locationreddits/wiki/faq/northamerica,Back to top
