State,Subreddit,Name
Alabama,anniston,Anniston
Alabama,arabalabama,Arab
Alabama,baldwincountyal,Baldwin County
Alabama,blountsville,Blountsville
Alabama,calera,Calera
Alabama,calhouncounty,Calhoun County
Alabama,cullman,Cullman
Alabama,dothan,Dothan
Alabama,dothanal,Dothan AL
Alabama,fairhopealabama,Fairhope
Alabama,fayettecounty,Fayette County
Alabama,florenceal,Florence
Alabama,gadsden,Gadsden
Alabama,gordo,Gordo
Alabama,greenvilleal,Greenville
Alabama,gulfshores,Gulf Shores
Alabama,hartselle,Hartselle
Alabama,cityofhoover,Hoover
Alabama,hooveral,Hoover AL
Alabama,jacksonvilleal,Jacksonville
Alabama,madisonalabama,Madison
Alabama,marshallcountyal,Marshall County
Alabama,montgomery,Montgomery
Alabama,mountainbrook,Mountain Brook
Alabama,oba,Orange Beach
Alabama,oxfordal,Oxford
Alabama,prattville,Prattville
Alabama,ragland,Ragland
Alabama,selma,Selma
Alabama,shoals,Shoals
Alabama,251,Southwest Alabama (251)
Alabama,summerdaleal,Summerdale
Alabama,sylacauga,Sylacauga
Alabama,talladega,Talladega
Alabama,thomasvilleal,Thomasville
Alabama,trussville,Trussville
Alabama,tuscaloosa,Tuscaloosa
Alabama,vestavia,Vestavia
Alabama,vestaviahills,Vestavia Hills
Alaska,aleutianislands,Aleutian Islands
Alaska,barrowak,Barrow
Alaska,bethelak,Bethel
Alaska,cordova,Cordova
Alaska,homerak,Homer
Alaska,cosmichamlet,Homer Area
Alaska,juneau,Juneau
Alaska,kenai,Kenai
Alaska,kenaipeninsula,Kenai Peninsula
Alaska,ketchikan,Ketchikan
Alaska,kodiak,Kodiak
Alaska,diomede,Little Diomede
Alaska,matsu,Matsu Valley
Alaska,nome,Nome
Alaska,palmerak,Palmer
Alaska,seward,Seward
Alaska,sitka,Sitka
Alaska,skagway,Skagway
Alaska,spenardak,Spenard
Alaska,sterlingalaska,Sterling
Alaska,talkeetna,talkeetna
Alaska,valdez,Valdez
Alaska,wasilla,Wasilla
Arizona,ahwatukeeaz,Ahwatukee
Arizona,anthem,Anthem
Arizona,avondaleaz,Avondale
Arizona,bagdad,Bagdad
Arizona,bisbee,Bisbee
Arizona,casagrandearizona,Casa Grande
Arizona,cavecreek,Cave Creek
Arizona,chandleraz,Chandler
Arizona,chinle,Chinle
Arizona,cochise,Cochise County
Arizona,fountainhills,Fountain Hills
Arizona,gilbert,Gilbert
Arizona,gilbertarizona,Gilbert
Arizona,glendaleaz,Glendale
Arizona,grandcanyon,Grand Canyon National Park
Arizona,goodyearaz,Goodyear
Arizona,happyjack,Happy Jack
Arizona,heberovergaard,Heber-Overgaard
Arizona,jeromeaz,Jerome
Arizona,kingman,Kingman
Arizona,lakehavasucity,Lake Havasu City
Arizona,lakehavasucityaz,Lake Havasu City AZ
Arizona,litchfieldpark,Litchfield Park
Arizona,marana,Marana
Arizona,maricopa,Maricopa
Arizona,mesaaz,Mesa
Arizona,mohavecounty,Mohave County
Arizona,newriver,New River
Arizona,nogales,Nogales
Arizona,northphoenix,North Phoenix
Arizona,paradisevalley,Paradise Valley
Arizona,payson,Payson
Arizona,phoenixarizona,Phoenix Arizona
Arizona,phoenixaz,Phoenix AZ
Arizona,phx,Phoenix (PHX)
Arizona,prescott,Prescott
Arizona,queencreek,Queen Creek
Arizona,santanvalley,San Tan Valley
Arizona,sedona,Sedona
Arizona,sierravista,Sierra Vista
Arizona,sonoita,Sonoita
Arizona,surpriseaz,Surprise
Arizona,tombstone,Tombstone
Arizona,westvalleyaz,West Valley
Arizona,wittmann,Wittmann
Arizona,yuma,Yuma
Arkansas,naturalstate,Natural State
Arkansas,almaarkansas,Alma
Arkansas,ashdown,Ashdown
Arkansas,batesville,Batesville
Arkansas,bentonarkansas,Benton
Arkansas,bentonville,Bentonville
Arkansas,buffaloriver,Buffalo River
Arkansas,cabotarkansas,Cabot
Arkansas,conwayar,Conway
Arkansas,eurekasprings,Eureka Springs
Arkansas,fayettevillear,Fayetteville AR
Arkansas,fortsmith,Fort Smith
Arkansas,hotsprings,Hot Springs
Arkansas,jasperar,Jasper
Arkansas,jonesboro,Jonesboro
Arkansas,jonesboroar,Jonesboro AR
Arkansas,malvern,Malvern
Arkansas,maumelle,Maumelle
Arkansas,mountainhomearkansas,Mountain Home
Arkansas,northwestarkansas,Northwest Arkansas
Arkansas,nwareddit,Northwest Arkansas (NWA)
Arkansas,nwarkansas,NW Arkansas
Arkansas,pinebluff,Pine Bluff
Arkansas,subiaco,Subiaco
Arkansas,texarkana,Texarkana
Arkansas,vilonia,Vilonia
California,locationreddits/wiki/faq/northamerica#wiki_northern_california,Northern
California,locationreddits/wiki/faq/northamerica#wiki_central_california,Central
California,locationreddits/wiki/faq/northamerica#wiki_southern_california,Southern
California,golden_state,Golden State
California,california/wiki/faq,More California-related reddits
#Northern California,norcal,Northern California
#Northern California,ncal,Northern California (NCAL)
#Northern California,dirty530,Dirty530 (NE California)
#Northern California,alameda,Alameda
#Northern California,albanyca,Albany
#Northern California,americancanyon,American Canyon
#Northern California,andersonvalley,Anderson Valley
#Northern California,antelope,Antelope
#Northern California,arcata,Arcata
#Northern California,auburnca,Auburn
#Northern California,auburncalifornia,Auburn CA
#Northern California,auburnlaketrails,Auburn Lake Trails
#Northern California,belmontca,Belmont
#Northern California,benicia,Benicia
#Northern California,berkeleyca,Berkeley CA
#Northern California,bernalheights,Bernal Heights
#Northern California,bonnydoonca,Bonny Doon
#Northern California,bouldercreek,Boulder Creek
#Northern California,burlingame,Burlingame
#Northern California,calistoga,Calistoga
#Northern California,campbell,Campbell
#Northern California,carmelbythesea,Carmel
#Northern California,carmelvalley,Carmel Valley
#Northern California,castro,Castro
#Northern California,citrusheights,Citrus Heights
#Northern California,crockett,Crockett
#Northern California,cutten,Cutten
#Northern California,danville,Danville
#Northern California,davisca,Davis
#Northern California,dixon,Dixon
#Northern California,eastbay,East Bay
#Northern California,elkgrove,Elk Grove
#Northern California,emeryville,Emeryville
#Northern California,excelsiordistrict,Excelsior District
#Northern California,fairoaks,Fair Oaks
#Northern California,fairfieldca,Fairfield
#Northern California,folsom,Folsom
#Northern California,foresthill,Foresthill
#Northern California,fortbraggca,Fort Bragg
#Northern California,fremont,Fremont
#Northern California,gilroy,Gilroy
#Northern California,glencove,Glen Cove
#Northern California,grassvalley,Grass Valley
#Northern California,greenvilleca,Greenville
#Northern California,halfmoonbay,Half Moon Bay
#Northern California,hayward,Hayward
#Northern California,humboldtcounty,Humboldt County
#Northern California,humboldt_county,Humboldt_County
#Northern California,hyampom,Hyampom
#Northern California,kingsbeach,Kings Beach
#Northern California,lafayetteca,Lafayette
#Northern California,lagunitas,Lagunitas
#Northern California,lakecountyca,Lake County CA
#Northern California,laketahoe,Lake Tahoe
#Northern California,northlaketahoe,Lake Tahoe North
#Northern California,southlaketahoe,Lake Tahoe South
#Northern California,lincolnca,Lincoln
#Northern California,livermore,Livermore
#Northern California,losaltoshills,Los Altos Hills
#Northern California,lgcalifornia,Los Gatos
#Northern California,losgatoscalifornia,Los Gatos CA
#Northern California,magalia,Magalia
#Northern California,manteca,Manteca
#Northern California,marin,Marin County
#Northern California,mckinleyville,Mckinleyville
#Northern California,mendocino,Mendocino
#Northern California,mendocinocoast,Mendocino Coast
#Northern California,mendocino_coast,Mendocino_Coast
#Northern California,inmenlo,Menlo
#Northern California,menlopark,Menlo Park
#Northern California,millvalley,Mill Valley
#Northern California,millbrae,Millbrae
#Northern California,mln,Monta Loma
#Northern California,montara,Montara
#Northern California,moraga,Moraga
#Northern California,morganhill,Morgan Hill
#Northern California,mountainhouseca,Mountain House
#Northern California,muirwoods,Muir Woods
#Northern California,napa,Napa
#Northern California,napavalley,Napa Valley
#Northern California,natividadcalifornia,Natividad
#Northern California,nevadacity,Nevada City
#Northern California,nevadacounty,Nevada County
#Northern California,newarkca,Newark
#Northern California,novato,Novato
#Northern California,orangevale,Orangevale
#Northern California,orick,Orick
#Northern California,orinda,Orinda
#Northern California,pacificgrove,Pacific Grove
#Northern California,pacifica,Pacifica
#Northern California,paloalto,Palo Alto
#Northern California,petaluma,Petaluma
#Northern California,petalumaca,Petaluma CA
#Northern California,piedmont,Piedmont
#Northern California,piedmontca,Piedmont CA
#Northern California,placerville,Placerville
#Northern California,pleasanton,Pleasanton
#Northern California,plumascountyca,Plumas County
#Northern California,redwoodcity,Redwood City
#Northern California,richmondca,Richmond
#Northern California,rohnertpark,Rohnert Park
#Northern California,sananselmo,San Anselmo
#Northern California,sanbruno,San Bruno
#Northern California,sancarlos,San Carlos
#Northern California,sanfranciscocounty,San Francisco County
#Northern California,sanleandro,San Leandro
#Northern California,sanmateo,San Mateo
#Northern California,sanmateocounty,San Mateo County
#Northern California,94901,San Rafael (94901)
#Northern California,santaclara,Santa Clara
#Northern California,santacruzlocals,Santa Cruz (locals)
#Northern California,sausalito,Sausalito
#Northern California,scotia,Scotia
#Northern California,scottsvalley,Scotts Valley
#Northern California,seabright,Seabright
#Northern California,sebastopol,Sebastopol
#Northern California,sfmission,SF Mission District
#Northern California,sftenderloin,SF Tenderloin District
#Northern California,siliconvalley,Silicon Valley
#Northern California,solanocounty,Solano County
#Northern California,sonoma,Sonoma
#Northern California,sonomacounty,Sonoma County
#Northern California,southsanfrancisco,South San Francisco
#Northern California,sthelena,St. Helena
#Northern California,suisunca,Suisun
#Northern California,sunnyvale,Sunnyvale
#Northern California,tahoecity,Tahoe City
#Northern California,tahoevista,Tahoe Vista
#Northern California,tehamacounty,Tehama County
#Northern California,truckee,Truckee
#Northern California,ukiah,Ukiah
#Northern California,unioncity,Union City
#Northern California,vacaville,Vacaville
#Northern California,walnutcreek,Walnut Creek
#Northern California,watsonville,Watsonville
#Northern California,westoakland,West Oakland
#Northern California,westsacramento,West Sacramento
#Northern California,willits,Willits
#Northern California,willowglen,Willow Glen
#Northern California,windsorcalifornia,Windsor
#Northern California,woodland,Woodland
#Northern California,yolocounty,Yolo County
#Northern California,yubacityca,Yuba City
#Central California,centralcoast,Central Coast
#Central California,atascadero,Atascadero
#Central California,avenal,Avenal
#Central California,bakersfieldca,Bakersfield CA
#Central California,bigsur,Big Sur
#Central California,bishop,Bishop
#Central California,cambria,Cambria
#Central California,cantuacreek,Cantua Creek
#Central California,cayucos,Cayucos
#Central California,centralvalley,Central Valley
#Central California,ceres,Ceres
#Central California,coalinga,Coalinga
#Central California,deathvalleynp,Death Valley National Park
#Central California,dinuba,Dinuba
#Central California,easternsierra,Eastern Sierra
#Central California,farmersville,Farmersville
#Central California,hanford,Hanford
#Central California,kerman,Kerman
#Central California,kingcity,King City
#Central California,lodi,Lodi
#Central California,lompoc,Lompoc
#Central California,madera,Madera
#Central California,mammothmountain,Mammoth Mountain
#Central California,mariposa,Mariposa
#Central California,merced,Merced
#Central California,modesto,Modesto
#Central California,morrobay,Morro Bay
#Central California,oakdale,Oakdale
#Central California,oildale,Oildale
#Central California,elpasoderobles,Paso Robles
#Central California,pismo,Pismo Beach
#Central California,porterville,Porterville
#Central California,salida,Salida
#Central California,salinas,Salinas
#Central California,santamaria,Santa Maria
#Central California,seki,Sequoia &amp; Kings Canyon National Parks
#Central California,shafter,Shafter
#Central California,shaverlake,Shaver Lake
#Central California,sonoraca,Sonora
#Central California,stocktonca,Stockton
#Central California,taft,Taft
#Central California,vacaville,Vacaville
#Central California,visalia,Visalia
#Central California,woffordheights,Wofford Heights
#Southern California,socal,Southern California (SolCal)
#Southern California,southerncalifornia,Southern California
#Southern California,southland,Southland
#Southern California,agourahills,Agoura Hills
#Southern California,alhambra,Alhambra
#Southern California,altadena,Altadena
#Southern California,anaheim,Anaheim
#Southern California,antelopevalley,Antelope Valley
#Southern California,anzaborrego,Anza Borrego Desert State Park
#Southern California,atwatervillage,Atwater Village
#Southern California,beaumontca,Beaumont
#Southern California,belmontshore,Belmont Shore
#Southern California,beverlyhills,Beverly Hills
#Southern California,bigbear,Big Bear
#Southern California,bloomington_ca,Bloomington
#Southern California,brea,Brea
#Southern California,buenapark,Buena Park
#Southern California,calabasas,Calabasas
#Southern California,californiacity,California City
#Southern California,camarillo,Camarillo
#Southern California,canogapark,Canoga Park
#Southern California,carlsbad,Carlsbad
#Southern California,carlsbadca,Carlsbad CA
#Southern California,carpinteria,Carpinteria
#Southern California,carsonca,Carson
#Southern California,chulavista,Chula Vista
#Southern California,claremont,Claremont
#Southern California,coachellavalley,Coachella Valley
#Southern California,compton,Compton
#Southern California,conejovalley,Conejo Valley
#Southern California,corona,Corona
#Southern California,cityofcorona,Corona CA
#Southern California,covina,Covina
#Southern California,culvercity,Culver City
#Southern California,danapoint,Dana Point
#Southern California,diamondbar,Diamond Bar
#Southern California,eaglerock,Eagle Rock
#Southern California,eaglerockca,Eagle Rock CA
#Southern California,eastcounty,East County
#Southern California,eastla,East Los Angeles
#Southern California,eastvale,Eastvale
#Southern California,echopark,Echo Park
#Southern California,edwardsafb,Edwards Air Force Base
#Southern California,elsegundo,El Segundo
#Southern California,escondido,Escondido
#Southern California,fountainvalley,Fountain Valley
#Southern California,fullerton,Fullerton
#Southern California,glamis,Glamis
#Southern California,glendale,Glendale
#Southern California,goleta,Goleta
#Southern California,granadahills,Granada Hills
#Southern California,grandterrace,Grand Terrace
#Southern California,haciendaheights,Hacienda Heights
#Southern California,hemetca,Hemet
#Southern California,highdesert,High Desert
#Southern California,highland,Highland
#Southern California,hollydale,Hollydale
#Southern California,hollywoodca,Hollywood
#Southern California,huntingtonbeach,Huntington Beach
#Southern California,imperial_beach,Imperial Beach
#Southern California,imperialvalley,Imperial Valley
#Southern California,indio,Indio
#Southern California,talkirvine,Irvine CA
#Southern California,islavista,Isla Vista
#Southern California,jamul,Jamul
#Southern California,joshuatree,Joshua Tree National Park
#Southern California,kern,Kern River
#Southern California,kernvalley,Kern Valley
#Southern California,lacrescentaca,La Crescenta
#Southern California,lahabra,La Habra
#Southern California,lahabraca,La Habra CA
#Southern California,lajolla,La Jolla
#Southern California,lamesa,La Mesa
#Southern California,lapresa,La Presa
#Southern California,lapuente,La Puente
#Southern California,laquinta,La Quinta
#Southern California,laverne,La Verne
#Southern California,laderaranch,Ladera Ranch
#Southern California,lakewood_ca,Lakewood
#Southern California,lawndale,Lawndale
#Southern California,dtla,Los Angeles Downtown
#Southern California,lawestside,Los Angeles Westside
#Southern California,cityofla,"Los Angeles, city of"
#Southern California,lynwood,Lynwood
#Southern California,malibu,Malibu
#Southern California,manhattanbeach,Manhattan Beach
#Southern California,marinadelrey,Marina Del Rey
#Southern California,miraloma,Mira Loma
#Southern California,missionbeach,Mission Beach
#Southern California,missionviejo,Mission Viejo
#Southern California,mojave,Mojave
#Southern California,mojavenp,Mojave National Park
#Southern California,monrovia,Monrovia
#Southern California,montecito,Montecito
#Southern California,montereypark,Monterey Park
#Southern California,moorpark,Moorpark
#Southern California,morenovalley,Moreno Valley
#Southern California,murrietareddit,Murrieta
#Southern California,nationalcity,National City
#Southern California,needlesca,Needles
#Southern California,newportbeach,Newport Beach
#Southern California,newportbeachca,Newport Beach CA
#Southern California,norco,Norco
#Southern California,northhollywood,North Hollywood
#Southern California,noho,North Hollywood (NoHo)
#Southern California,northeastla,Northeast Los Angeles
#Southern California,norwalkca,Norwalk
#Southern California,oceanside,Oceanside
#Southern California,ojai,Ojai
#Southern California,oxnard,Oxnard
#Southern California,pacificpalisades,Pacific Palisades
#Southern California,palmsprings,Palm Springs
#Southern California,palmdale,Palmdale
#Southern California,palosverdes,Palos Verdes
#Southern California,poway,Poway
#Southern California,ramonacalifornia,Ramona
#Southern California,ranchosantamargarita,Rancho Santa Margarita
#Southern California,redlands,Redlands
#Southern California,redondobeach,Redondo Beach
#Southern California,reseda,Reseda
#Southern California,rialto,Rialto
#Southern California,ridgecrest,Ridgecrest
#Southern California,cityofriverside,Riverside
#Southern California,riverside,Riverside
#Southern California,riverslime,Riverside (Riverslime)
#Southern California,riversidecounty,Riverside County
#Southern California,rowlandheights,Rowland Heights
#Southern California,saltonsea,Salton Sea
#Southern California,sanbernardino,San Bernardino
#Southern California,909,San Bernardino (909)
#Southern California,sanbernardinocounty,San Bernardino County
#Southern California,sanclemente,San Clemente
#Southern California,sandimas,San Dimas
#Southern California,sangabriel,San Gabriel
#Southern California,sgv,San Gabriel Valley
#Southern California,sanjuancapistrano,San Juan Capistrano
#Southern California,sanmarcosca,San Marcos
#Southern California,sanmarcos760,San Marcos (760)
#Southern California,sanmarino,San Marino
#Southern California,sanpedro,San Pedro
#Southern California,santaana,Santa Ana
#Southern California,santaclarita,Santa Clarita
#Southern California,santaclaritavalley,Santa Clarita Valley
#Southern California,santamonicamountains,Santa Monica Mountains
#Southern California,santaynez,Santa Ynez Valley
#Southern California,santee,Santee
#Southern California,sealbeach,Seal Beach
#Southern California,signalhill,Signal Hill
#Southern California,silverlake,Silverlake
#Southern California,simivalley,Simi Valley
#Southern California,simi_valley,Simi_Valley
#Southern California,southbayla,South Bay
#Southern California,southpasadena,South Pasadena
#Southern California,tehachapi,Tehachapi
#Southern California,temecula,Temecula
#Southern California,templecity,Temple City
#Southern California,thousandoaks,Thousand Oaks
#Southern California,tolucalake,Toluca Lake
#Southern California,torrance,Torrance
#Southern California,tustin,Tustin
#Southern California,tustinca,Tustin CA
#Southern California,upland,Upland
#Southern California,venice,Venice
#Southern California,ventura,Ventura
#Southern California,walnut,Walnut
#Southern California,westhollywood,West Hollywood
#Southern California,weho,West Hollywood (WeHo)
#Southern California,westwood,Westwood
#Southern California,whittier,Whittier
#Southern California,whittierca,Whittier CA
#Southern California,wrightwood,Wrightwood
#Southern California,yorbalinda,Yorba Linda
#Southern California,yucaipa,Yucaipa
#Southern California,locationreddits/wiki/faq/northamerica,Back to top
Colorado,arvada,Arvada
Colorado,aspen,Aspen
Colorado,auroraco,Aurora
Colorado,beavercreek,Beaver Creek
Colorado,breckenridge,Breckenridge
Colorado,broomfield,Broomfield
Colorado,castlerock,Castle Rock
Colorado,cortez,Cortez
Colorado,milehighcity,Denver (MileHighCity)
Colorado,denverwest,Denver West
Colorado,durango,Durango
Colorado,eaglecolorado,Eagle
Colorado,eaglecounty,Eagle County
Colorado,eaglevail,Eagle-Vail
Colorado,englewoodlittletonco,Englewood-Littleton
Colorado,erieco,Erie CO
Colorado,eriecolorado,Erie
Colorado,estespark,Estes Park
Colorado,foco,Fort Collins (FoCo)
Colorado,fruita,Fruita
Colorado,goldenco,Golden
Colorado,grandjunction,Grand Junction
Colorado,grandjunctionco,Grand Junction CO
Colorado,grandlake,Grand Lake
Colorado,greeley,Greeley
Colorado,greeleyco,Greeley CO
Colorado,gunnison,Gunnison County
Colorado,gypsum,Gypsum
Colorado,highlandsranch,Highlands Ranch
Colorado,kremmling,Kremmling
Colorado,kremmlingco,Kremmling CO
Colorado,la_junta,La Junta
Colorado,pbville,Leadville
Colorado,littleton,Littleton
Colorado,louisvilleco,Louisville CO
Colorado,louisvillecolorado,Louisville
Colorado,loveland,Loveland
Colorado,lucernecolorado,Lucerne
Colorado,lyons,Lyons
Colorado,manitousprings,Manitou Springs
Colorado,north_colorado,North Colorado
Colorado,noco,Northen Colorado
Colorado,peytoncolorado,Peyton
Colorado,pueblo,Pueblo
Colorado,roaringfork,Roaring Fork
Colorado,rmnp,Rocky Mountain National Park
Colorado,slv,San Luis Valley
Colorado,snowmass,Snowmass Village
Colorado,summit,Summit County
Colorado,thornton,Thornton
Colorado,twn,Thornton Westminster Northglenn
Colorado,trinidadco,Trinidad
Colorado,vail,Vail
Colorado,westerncolorado,Western Colorado
Colorado,willametteco,Willamette
Colorado,wolfcreek,Wolf Creek
Connecticut,ansonia,Ansonia
Connecticut,bethelct,Bethel
Connecticut,bridgeportct,Bridgeport
Connecticut,broadbrookct,Broad Brook
Connecticut,danbury,Danbury
Connecticut,easthampton,East Hampton
Connecticut,easternct,Eastern Connecticut
Connecticut,east_haddam,East Haddam
Connecticut,enfieldct,Enfield
Connecticut,fairfield,Fairfield
Connecticut,fairfieldcounty,Fairfield County
Connecticut,farmingtonvalley,Farmington Valley
Connecticut,glastonburyct,Glastonbury
Connecticut,greenwich,Greenwich
Connecticut,groton,Groton
Connecticut,hartford,Hartford
Connecticut,litchfieldct,Litchfield County
Connecticut,06443,Madison (06443)
Connecticut,silkcity,Manchester
Connecticut,meridenct,Meriden
Connecticut,milford,Milford
Connecticut,milford_ct,Milford CT
Connecticut,newbritain,New Britain
Connecticut,newlondon,New London
Connecticut,newmilford,New Milford
Connecticut,northeastconnecticut,Northeast Connecticut
Connecticut,northeastct,Northeast CT
Connecticut,norwichct,Norwich
Connecticut,plainfieldconn,Plainfield
Connecticut,pointowoods,Point O' Woods
Connecticut,oldlymect,Old Lyme
Connecticut,oldsaybrook,Old Saybrook
Connecticut,reddingct,Redding
Connecticut,rockyhill,Rocky Hill
Connecticut,sheltonct,Shelton
Connecticut,somers,Somers
Connecticut,southington,Southington
Connecticut,sono,South Norwalk
Connecticut,stamfordconn,Stamford
Connecticut,stamfordct,Stamford CT
Connecticut,stratfordct,Stratford
Connecticut,tollandct,Tolland
Connecticut,torringtonct,Torrington
Connecticut,waterburyct,Waterbury
Connecticut,watertownct,Watertown
Connecticut,westhartford,West Hartford
Connecticut,westportct,Westport
Connecticut,wethersfield,Wethersfield
Connecticut,woodburyct,Woodbury
Connecticut,woodstockct,Woodstock
Delaware,doverde,Dover
Delaware,newarkde,Newark
Delaware,oceanview,Ocean View
Delaware,wilmingtonde,Wilmington
District of Columbia,washington_dc,Washington_DC
District of Columbia,districtofcolumbia,District of Columbia
District of Columbia,brookland,Brookland
District of Columbia,cleveland_park,Cleveland Park
District of Columbia,towpath,Chesapeake & Ohio Canal
District of Columbia,mountvernonsquaredc,Mt. Vernon Square
District of Columbia,mountvernontriangledc,Mt. Vernon Triangle
District of Columbia,nomadc,NoMa
District of Columbia,petworth,Petworth
District of Columbia,takomadc,Takoma
District of Columbia,takomapark,Takoma Park
Florida,annamariaisland,Anna Maria Island
Florida,apalachicola,Apalachicola
Florida,apopka,Apopka
Florida,auburndale,Auburndale
Florida,aventura,Aventura
Florida,belleview,Belleview
Florida,bostwick,Bostwick
Florida,boyntonbeach,Boynton Beach
Florida,bradenton,Bradenton
Florida,brandonfl,Brandon
Florida,brevardfl,Brevard County
Florida,broward,Broward
Florida,capecoral,Cape Coral
Florida,captiva,Captiva Island
Florida,centralflorida,Central Florida
Florida,charlottecounty,Charlotte County
Florida,citruscountyflorida,Citrus County
Florida,clearwaterfl,Clearwater
Florida,clermont,Clermont
Florida,clermontfl,Clermont FL
Florida,coconutcreek,Coconut Creek
Florida,coconutgrove,Coconut Grove
Florida,coralgables,Coral Gables
Florida,coralsprings,Coral Springs
Florida,crawfordville,Crawfordville
Florida,davie,Davie
Florida,daytonabeach,Daytona Beach
Florida,debary,Debary
Florida,deerfieldbeach,Deerfield Beach
Florida,deland,DeLand
Florida,delraybeach,Delray Beach
Florida,deltona,Deltona
Florida,destin,Destin
Florida,dunedinflorida,Dunedin
Florida,dunnellon,Dunnellon
Florida,ellenton,Ellenton
Florida,englewoodfl,Englewood
Florida,estero,Estero
Florida,everglades,Everglades National Park
Florida,fernandinabeach,Fernandina Beach
Florida,flaglerbeach,Flagler Beach
Florida,floridakeys,Florida Keys
Florida,floridakeysandkeywest,Florida Keys-Key West
Florida,fortmyers,Fort Myers
Florida,ftmyers_fl,Fort Myers FL
Florida,fortwaltonbeach,Fort Walton Beach
Florida,panhandlegulfcoast,Gulf Coast
Florida,gulfportfl,Gulfport
Florida,hernandocountyflorida,Hernando County
Florida,highlands,Highlands County
Florida,homesteadfl,Homestead
Florida,immokalee,Immokalee
Florida,jacksonvillebeach,Jacksonville Beach
Florida,jupiterfl,Jupiter
Florida,keylargo,Key Largo
Florida,keywest,Key West
Florida,kissimmee,Kissimmee
Florida,lakecity,Lake City
Florida,lakecityflorida,Lake City FL
Florida,lake,Lake County
Florida,lakewales,Lake Wales
Florida,lakewoodranch,Lakewood Ranch
Florida,lakeworth,Lake Worth
Florida,longwoodfl,Longwood
Florida,marcoisland,Marco Island
Florida,melbourneflorida,Melbourne
Florida,melbournefl,Melbourne FL
Florida,merrittisland,Merritt Island
Florida,miltonfl,Milton
Florida,mountdora,Mt. Dora
Florida,myakkacity,Myakka City
Florida,myakkacityfl,Myakka City FL
Florida,naples_fl,Naples
Florida,navarrenow,Navarre
Florida,niceville,Niceville
Florida,386,Northern Florida (386)
Florida,northflorida,North Florida
Florida,nwfl,Northwest Florida
Florida,ocala,Ocala
Florida,ocoee,Ocoee
Florida,orangepark,Orange Park
Florida,407,Orlando Area (407)
Florida,orlandodisneyarea,Orlando Disney Area
Florida,greaterorlando,Orlando Greater Area
Florida,ormondbeachfl,Ormond Beach
Florida,palmbeach,Palm Beach
Florida,palmcoast,Palm Coast
Florida,palmetto,Palmetto
Florida,palmharbor,Palm Harbor
Florida,panamacity,Panama City
Florida,pcb,Panama City Beach (PCB)
Florida,panamacitybeach,Panama City Beach
Florida,parrish,Parrish
Florida,pasco,Pasco County
Florida,pembrokepines,Pembroke Pines
Florida,pensacolabeach,Pensacola Beach
Florida,pinellas,Pinellas County
Florida,plantcity,Plant City
Florida,polk,Polk County
Florida,863,Polk County (863)
Florida,pontevedra,Ponte Vedra
Florida,portcharlotte,Port Charlotte
Florida,portorange,Port Orange
Florida,portstjoe,Port St. Joe
Florida,portstjohn,Port St. John
Florida,portstlucie,Port St. Lucie
Florida,rockledgefl,Rockledge
Florida,sanford,Sanford
Florida,sanfordfl,Sanford FL
Florida,sanibel,Sanibel Island
Florida,sebring,Sebring
Florida,springhillfla,Spring Hill
Florida,south_florida,South_Florida
Florida,southflorida,South Florida
Florida,southwalton,South Walton
Florida,southwood,Southwood
Florida,staugustine,St. Augustine
Florida,staugustinebeach,St. Augustine Beach
Florida,stjohnscounty,St. John's County
Florida,swfl,Southwest Florida
Florida,sunnyislesbeach,Sunny Isles Beach
Florida,tampabay,Tampa Bay
Florida,tlh,Tallahassee (TLH)
Florida,tequesta,Tequesta
Florida,thorntonpark,Thornton Park
Florida,titusville,Titusville
Florida,772,Treasure Coast (772)
Florida,treasurecoast,Treasure Coast
Florida,valrico,Valrico
Florida,veniceflorida,Venice
Florida,venice_fl,Venice FL
Florida,wellingtonfl,Wellington
Florida,westpalmbeachfl,West Palm Beach
Florida,winterpark,Winter Park
Georgia,georgiausa,Georgia USA
Georgia,acworth,Acworth
Georgia,albanyga,Albany
Georgia,alpharetta,Alpharetta
Georgia,auburn_ga,Auburn
Georgia,barrowcounty,Barrow County
Georgia,brookhaven,Brookhaven
Georgia,camdenga,Camden
Georgia,cantonga,Canton
Georgia,carrolltongeorgia,Carrollton
Georgia,cartersville,Cartersville
Georgia,cherokeecountyga,Cherokee County
Georgia,cobbcounty,Cobb County
Georgia,cochran,Cochran
Georgia,columbiacounty,Columbia County
Georgia,columbusga,Columbus
Georgia,conyers,Conyers
Georgia,cumming,Cumming
Georgia,cummingga,Cumming GA
Georgia,dacula,Dacula
Georgia,dahlonega,Dahlonega
Georgia,daltonga,Dalton
Georgia,dawsonville,Dawsonville
Georgia,decaturga,Decatur
Georgia,dvillega,Douglasville
Georgia,dublinga,Dublin
Georgia,duluthga,Duluth
Georgia,dunwoody,Dunwoody
Georgia,snobbery,East Cobb County
Georgia,eastpoint,East Point
Georgia,ellijay,Ellijay
Georgia,fayco,Fayette County
Georgia,falconcrest,Falcon Crest
Georgia,flowerybranch,Flowery Branch
Georgia,forsyth,Forsyth County
Georgia,franklincountyga,Franklin County
Georgia,grovetown,Grovetown
Georgia,henrycounty,Henry County
Georgia,hinesvillega,Hinesville
Georgia,hollyspringsga,Holly Springs
Georgia,jasperga,Jasper
Georgia,jekyllisland,Jekyll Island
Georgia,johnscreek,Johns Creek
Georgia,kennesaw,Kennesaw
Georgia,lagrange,La Grange
Georgia,leesburgga,Leesburg
Georgia,lilburn,Lilburn
Georgia,ludowici,Ludowici
Georgia,mableton,Mableton
Georgia,macon,Macon
Georgia,maconbibb,Macon-Bibb County
Georgia,marietta,Marietta
Georgia,mariettaga,Marietta GA
Georgia,middlegeorgia,Middle Georgia
Georgia,midtownatlanta,Midtown Atlanta
Georgia,milledgeville,Milledgeville
Georgia,newnan,Newnan
Georgia,northgeorgia,North Georgia
Georgia,oakwoodga,Oakwood
Georgia,paulding,Paulding County
Georgia,rockdale,Rockdale
Georgia,rockdalecounty,Rockdale County
Georgia,romega,Rome
Georgia,roswell,Roswell
Georgia,sandysprings,Sandy Springs
Georgia,smyrna,Smyrna
Georgia,seganefl,Southeast Georgia
Georgia,southgaredditors,South Georgia
Georgia,stsimonsisland,St. Simons Island
Georgia,statesboro,Statesboro
Georgia,stonemtn,Stone Mountain
Georgia,summervillega,Summerville
Georgia,toccoa,Toccoa
Georgia,toombscounty,Toombs County
Georgia,valdosta,Valdosta
Georgia,waycross,Waycross
Georgia,webstercounty,Webster County
Georgia,westgeorgia,West Georgia
Georgia,woodstockga,Woodstock
Hawaii,hanamaui,Hana
Hawaii,kailuakona,Kailua
Hawaii,kauai,Kauai
Hawaii,kona,Kona
Idaho,coeurdalene,Coeur d'Alene
Idaho,easternidaho,Eastern Idaho
Idaho,gooding,Gooding
Idaho,idahofalls,Idaho Falls
Idaho,kuna,Kuna
Idaho,lewistonid,Lewiston
Idaho,mccallidaho,McCall
Idaho,moscowidaho,Moscow
Idaho,mountainhomeidaho,Mountain Home
Idaho,nampa,Nampa
Idaho,northidaho,North Idaho
Idaho,pocatello,Pocatello
Idaho,rexburg,Rexburg
Idaho,sandpoint,Sandpoint
Idaho,sunvalley,Sun Valley
Idaho,twinfalls,Twin Falls
Illinois,albanypark,Albany Park
Illinois,altonnews,Alton
Illinois,andersonvillechicago,Andersonville
Illinois,arlingtonheights,Arlington Heights
Illinois,aurorail,Aurora IL
Illinois,auroraillinois,Aurora
Illinois,barringtonil,Barrington
Illinois,bartlettillinois,Bartlett
Illinois,batavia,Batavia
Illinois,bellevilleil,Belleville
Illinois,berwyn,Berwyn
Illinois,bethalto,Bethalto
Illinois,bloomingtonil,Bloomington
Illinois,bloomingtonnormal,Bloomington-Normal
Illinois,buffalogrove,Buffalo Grove
Illinois,cantonil,Canton
Illinois,carbondale,Carbondale
Illinois,carpentersville,Carpentersville
Illinois,carolstream,Carol Stream
Illinois,centralillinois,Central Illinois
Illinois,champaign,Champaign
Illinois,chambana,Champaign-Urbana (Chambana)
Illinois,champaignurbana,Champaign-Urbana
Illinois,charlestonil,Charleston
Illinois,chatsworth,Chatsworth
Illinois,chicagoland,Chicago Metro Area
Illinois,nearwestsuburbs,Chicago Near West Suburbs
Illinois,southside,Chicago Southside
Illinois,westtown,Chicago West
Illinois,decatur,Decatur
Illinois,deerfield,Deerfield
Illinois,dekalb,De Kalb
Illinois,dekalbarea,De Kalb Area
Illinois,desplaines,Des Plaines
Illinois,downersgrove,Downers Grove
Illinois,eastpeoria,East Peoria
Illinois,edwardsvilleil,Edwardsville
Illinois,eville,Edwardsville (Eville)
Illinois,elgin,Elgin
Illinois,elginillinois,Elgin IL
Illinois,elmhurst,Elmhurst
Illinois,evanston,Evanston
Illinois,evanstonil,Evanston IL
Illinois,franklinpark,Franklin Park
Illinois,freeport,Freeport
Illinois,galena,Galena
Illinois,galesburg,Galesburg
Illinois,geneseoillinois,Geneseo
Illinois,genevail,Geneva
Illinois,granitecity,Granite City
Illinois,grayslake,Grayslake
Illinois,grayslakeillinois,Grayslake IL
Illinois,gurnee,Gurnee
Illinois,hinsdale,Hinsdale
Illinois,homerglen,Homer Glen
Illinois,huntley,Huntley
Illinois,jolietillinois,Joliet
Illinois,skankakee,Kankakee County and/or city
Illinois,lakecounty,Lake County
Illinois,lakezurichil,Lake Zurich
Illinois,lasallecounty,La Salle County
Illinois,libertyville,Libertyville
Illinois,lombard,Lombard
Illinois,lilacvillage,Lombard (Lilac Village)
Illinois,macombil,Macomb
Illinois,makanda,Makanda
Illinois,marengo,Marengo
Illinois,mchenry,McHenry
Illinois,mchenrycounty,McHenry County
Illinois,metroeast,Metro East
Illinois,metroeastil,Metro East IL
Illinois,monmouthil,Monmouth
Illinois,mtmorris,Mt. Morris
Illinois,mundelein,Mundelein
Illinois,naperville,Naperville
Illinois,newbaden,New Baden
Illinois,newlenox,New Lenox
Illinois,normalil,Normal
Illinois,northaurora,North Aurora
Illinois,northbrook,Northbrook
Illinois,northcentralillinois,North Central Illinois
Illinois,oaklawn,Oak Lawn
Illinois,oakpark,Oak Park
Illinois,oakparkil,Oak Park
Illinois,orlandpark,Orland Park
Illinois,palatine,Palatine
Illinois,parkridge,Park Ridge
Illinois,pekinillinois,Pekin
Illinois,peoria,Peoria
Illinois,plainfield,Plainfield
Illinois,pontiacillinois,Pontiac
Illinois,portagepark,Portage Park
Illinois,quincy,Quincy
Illinois,riverforestillinois,River Forest
Illinois,rochesteril,Rochester
Illinois,roundlake,Round Lake
Illinois,schaumburg,Schaumburg
Illinois,618,Southern Illinois (618)
Illinois,southernillinois,Southern Illinois
Illinois,springfieldil,Springfield
Illinois,stcharlesil,St. Charles
Illinois,stclairco,St. Clair County
Illinois,tuscola,Tuscola
Illinois,vernonhills,Vernon Hills
Illinois,waukegan,Waukegan
Illinois,westernillinois,Western Illinois
Illinois,westmontil,Westmont
Illinois,wilmette,Wilmette
Illinois,wrigleyville,Wrigleyville
Illinois,yorkville,Yorkville
Indiana,andersonin,Anderson
Indiana,batesvilleunited,Batesville
Indiana,broadripple,Broadripple
Indiana,carmel,Carmel
Indiana,carmelin,Carmel IN
Indiana,chesterton,Chesterton
Indiana,columbusin,Columbus IN
Indiana,columbusindiana,Columbus
Indiana,connersville,Connersville
Indiana,corydon,Corydon
Indiana,crownpointindiana,Crown Point
Indiana,elkhart,Elkhart
Indiana,evansvilleindiana,Evansville IN
Indiana,fishers,Fishers
Indiana,huntingtonin,Huntington
Indiana,kendallville,Kendallville
Indiana,kokomo,Kokomo
Indiana,lafayette,Lafayette
Indiana,laporte,La Porte
Indiana,logansport,Logansport
Indiana,madtown,Madison
Indiana,marktown,Marktown
Indiana,michiana,Michiana
Indiana,michigancity,Michigan City
Indiana,michigancityindiana,Michigan City
Indiana,muncie,Muncie
Indiana,newalbany,New Albany
Indiana,newamsterdam,New Amsterdam
Indiana,theothernewhaven,New Haven
Indiana,nwi,Northwest Indiana (NWI)
Indiana,northwestindiana,Northwest Indiana
Indiana,219,Northwest Indiana (219)
Indiana,newburghin,Newburgh
Indiana,owencounty,Owen County
Indiana,paoli,Paoli
Indiana,richmondindiana,Richmond
Indiana,ridgeportindiana,Ridgeport
Indiana,salemin,Salem
Indiana,terrehaute,Terre Haute
Indiana,valparaiso,Valparaiso
Indiana,vevay,Vevay
Indiana,westfieldindy,Westfield
Indiana,winonalake,Winona Lake
Indiana,zionsville,Zionsville
Indiana,locationreddits/wiki/faq/northamerica,Back to top
Iowa,ames,Ames
Iowa,ankeny,Ankeny
Iowa,burlingtoniowa,Burlington
Iowa,camanche,Camanche
Iowa,cedarfalls,Cedar Falls
Iowa,clintoniowa,Clinton
Iowa,colfaxiowa,Colfax
Iowa,coralville,Coralville
Iowa,councilbluffs,Council Bluffs
Iowa,decorah,Decorah
Iowa,dubuque,Dubuque
Iowa,fairfieldiowa,Fairfield
Iowa,fortdodge,Fort Dodge
Iowa,glenwoodiowa,Glenwood
Iowa,luverne,Lu Verne
Iowa,maquoketa,Maquoketa
Iowa,marioniowa,Marion
Iowa,marshalltown,Marshalltown
Iowa,masoncity,Mason City
Iowa,north_iowa_reddit,North Iowa
Iowa,northliberty,North Liberty
Iowa,ruralnwiowa,Northwest Iowa
Iowa,okoboji,Okoboji
Iowa,orangecity,Orange City
Iowa,pleasantvilleia,Pleasantville
Iowa,siouxcity,Sioux City
Iowa,swi,Southwest Iowa
Iowa,spenceriowa,Spencer
Iowa,waterlooiowa,Waterloo
Iowa,webstercounty,Webster County
Iowa,westdesmoines,West Des Moines
Kansas,atchison,Atchison
Kansas,baldwincity,Baldwin City
Kansas,baxtersprings,Baxter Springs
Kansas,collegehill,College Hill
Kansas,derbykansas,Derby
Kansas,desotoks,De Soto
Kansas,emporia,Emporia
Kansas,gcks,Garden City (GCKS)
Kansas,gardencityks,Garden City KS
Kansas,gardencitykansas,Garden City Kansas
Kansas,hutchinson,Hutchinson
Kansas,johnsoncounty,Johnson County
Kansas,leavenworth,Leavenworth
Kansas,lenexa,Lenexa
Kansas,louisburgks,Louisburg
Kansas,littleapple,Manhattan
Kansas,manhattanks,Manhattan KS
Kansas,moundcity,Mound City
Kansas,newtonkansas,Newton
Kansas,olathe,Olathe
Kansas,overlandpark,Overland Park
Kansas,prairievillage,Prairie Village
Kansas,pvkansas,Prairie Village KS
Kansas,republiccountykansas,Republic County
Kansas,shawnee,Shawnee
Kansas,topeka,Topeka
Kentucky,ashlandkentucky,Ashland
Kentucky,ashlandky,Ashland KY
Kentucky,bardstown,Bardstown
Kentucky,bellevueky,Bellevue
Kentucky,bowlinggreen,Bowling Green
Kentucky,boylecounty,Boyle County
Kentucky,campbellsville,Campbellsville
Kentucky,corbinky,Corbin
Kentucky,covington,Covington
Kentucky,danvilleky,Danville
Kentucky,easternky,Eastern Kentucky
Kentucky,etown,Elizabethtown
Kentucky,florenceky,Florence
Kentucky,frankfort,Frankfort
Kentucky,gallatinky,Gallatin County
Kentucky,glasgowky,Glasgow
Kentucky,gravescounty,Graves County
Kentucky,harlanky,Harlan
Kentucky,hopkinsville,Hopkinsville
Kentucky,hoptflown,Hopkinsville (Hoptown)
Kentucky,lakecumberland,Lake Cumberland
Kentucky,lawrenceburg,Lawrenceburg
Kentucky,lexingtonhangouts,Lexington Hangouts
Kentucky,lexingtonky,Lexington KY
Kentucky,maysville,Maysville
Kentucky,middlesboroky,Middlesboroky
Kentucky,middlesboro,Middlesboro
Kentucky,morehead,Morehead
Kentucky,mtsterling,Mt. Sterling
Kentucky,newportky,New Port
Kentucky,nekentucky,North East Kentucky
Kentucky,northernky,Northern Kentucky
Kentucky,nky,Northern Kentucky (NKY)
Kentucky,okolona,Okolona
Kentucky,olivehill,Olive Hill
Kentucky,owensboro,Owensboro
Kentucky,owensboroky,Owensboro KY
Kentucky,paducah,Paducah
Kentucky,pikeville,Pikeville
Kentucky,pulaskikentucky,Pulaski County
Kentucky,redrivergorge,Red River Gorge
Kentucky,richmondky,Richmond
Kentucky,shelbyky,Shelbyville
Kentucky,sladeky,Slade
Kentucky,somersetky,Somerset
Kentucky,webstercounty,Webster County
Kentucky,westkentucky,West Kentucky
Kentucky,winchesterky,Winchester
Louisiana,ascensionparish,Ascension Parish
Louisiana,bellechasse,Belle Chasse
Louisiana,bogalusa,Bogalusa
Louisiana,bossiercity,Bossier City
Louisiana,centrallouisiana,Central Louisiana
Louisiana,covingtonla,Covington
Louisiana,denhamsprings,Denham Springs
Louisiana,eunice,Eunice
Louisiana,gonzales,Gonzales
Louisiana,hammond,Hammond
Louisiana,houma,Houma
Louisiana,jeffersonparish,Jefferson Parish
Louisiana,lafayettela,Lafayette
Louisiana,lakecharles,Lake Charles
Louisiana,lakecharleslouisiana,Lake Charles LA
Louisiana,metry,Metairie
Louisiana,morgancity,Morgan City
Louisiana,newiberia,New Iberia
Louisiana,nola,NOLA (New Orleans)
Louisiana,newroads,New Roads
Louisiana,northlouisiana,North Louisiana
Louisiana,nela,Northeast Louisiana
Louisiana,nwla,Northwest Louisiana
Louisiana,plaquemine,Plaquemine
Louisiana,ponchatoula,Ponchatoula
Louisiana,stcharlesparish,St. Charles Parish
Louisiana,stfrancisville,St. Francisville
Louisiana,thibodaux,Thibodaux
Louisiana,webstercounty,Webster County
Louisiana,westmonroe,West Monroe
Maine,theothermaine,"Maine, the other"
Maine,aroostook,Aroostook County
Maine,bangorme,Bangor
Maine,bronyisland,Brony Island
Maine,pryantpond,Bryant Pond
Maine,ellsworth,Ellsworth
Maine,freeportmaine,Freeport
Maine,gorham,Gorham
Maine,kennebunk,Kennebunk
Maine,lewiston,Lewiston
Maine,lewistonauburn,Lewiston-Auburn
Maine,lamaine,Lewiston-Auburn (LAMaine)
Maine,orientme,Orient
Maine,portlandmaine,Portland
Maine,waterville,Waterville
Maryland,annapolis,Annapolis
Maryland,annearundelcountymd,Anne Arundel County
Maryland,butus,Arbutus
Maryland,baltimorecounty,Baltimore County
Maryland,belairmd,Bel Air
Maryland,beltsville,Beltsville
Maryland,bethesda,Bethesda
Maryland,beverlybeach,Beverly Beach
Maryland,thebbc,Breton bay
Maryland,brunswickmd,Brunswick
Maryland,carrollcounty,Carroll County
Maryland,carrollcountymd,Carroll County MD
Maryland,ceciltucky,Cecil County
Maryland,charlescounty,Charles County
Maryland,chasemd,Chase
Maryland,chesapeakebay,Chesapeake Bay
Maryland,towpath,Chesapeake & Ohio Canal
Maryland,cheverly,Cheverly
Maryland,collegeparkmd,College Park
Maryland,crofton_md,Crofton
Maryland,cumberland_maryland,Cumberland
Maryland,damascusmd,Damascus
Maryland,thedmv,District of Columbia/Maryland/Virginia
Maryland,dundalkmd,Dundalk
Maryland,easternshoremd,Eastern Shore
Maryland,edmonston,Edmonston
Maryland,elkton,Elkton
Maryland,emmitsburg,Emmitsburg
Maryland,essexwhat,Essex
Maryland,gaithersburg,Gaithersburg
Maryland,glenelg,Glenelg
Maryland,hagerstown,Hagerstown
Maryland,hampden,Hampden
Maryland,harfordmd,Harford
Maryland,harfordcountymd,Harford County
Maryland,hoco,Howard County
Maryland,joppatowne,Joppatowne
Maryland,lansdownemd,Lansdowne
Maryland,laurelmd,Laurel
Maryland,lusby,Lusby
Maryland,middletownmd,Middletown
Maryland,montgomerycounty,Montgomery County
Maryland,northbethesda,North Bethesda
Maryland,nobe,North Bethesda-White Flint (NoBe)
Maryland,oceancity,Ocean City
Maryland,odenton,Odenton
Maryland,olney,Olney
Maryland,parkville,Parkville
Maryland,pasadenamd,Pasadena
Maryland,perryhall,Perryhall
Maryland,poolesville,Poolesville
Maryland,princegeorgescountymd,Prince George's County
Maryland,queenannescounty,Queen Anne's County
Maryland,reisterstown,Reisterstown
Maryland,rockville,Rockville
Maryland,rockvillemd,Rockville MD
Maryland,scaggsville,Scaggsville
Maryland,silverspring,Silver Spring
Maryland,somd,South Maryland
Maryland,stmaryscounty,St. Mary's County
Maryland,takomapark,Takoma Park
Maryland,talbotcounty,Talbot County
Maryland,towson,Towson
Maryland,urbanamd,Urbana
Maryland,washingtoncountymd,Washington County
Maryland,waldorfmd,Waldorf
Maryland,westernmaryland,Western Maryland
Maryland,westminstermaryland,Westminster
Maryland,wheatonmd,Wheaton
Maryland,wyeoak,Wye Oak
Massachusetts,mass,Mass
Massachusetts,actonma,Acton
Massachusetts,adamsma,Adams
Massachusetts,agawam,Agawam
Massachusetts,allstonrockcity,Allston
Massachusetts,amesbury,Amesbury
Massachusetts,amherst,Amherst
Massachusetts,andover,Andover
Massachusetts,attleboro,Attleboro
Massachusetts,theberkshires,Berkshire County
Massachusetts,blackstonema,Blackstone
Massachusetts,eastie,Boston East
Massachusetts,metroboston,Boston Metro
Massachusetts,brightonma,Brighton
Massachusetts,brookline,Brookline
Massachusetts,burlingtonma,Burlington
Massachusetts,camberville,Camberville
Massachusetts,cambridgecityhall,Cambridge City Hall
Massachusetts,townofcarver,Carver
Massachusetts,centralma,Central Massachusetts
Massachusetts,central_ma,Central_Massachusetts
Massachusetts,chelseama,Chelsea
Massachusetts,chestnuthill,Chestnut Hill
Massachusetts,chicopee,Chicopee
Massachusetts,cohasset,Cohasset
Massachusetts,concordma,Concord
Massachusetts,coolidgecorner,Coolidge Corner
Massachusetts,dedham,Dedham
Massachusetts,dorchester,Dorchester
Massachusetts,eastarlington,East Arlington
Massachusetts,eastbridgewater,East Bridgewater
Massachusetts,eastlongmeadow,East Longmeadow
Massachusetts,fallriver,Fall River
Massachusetts,framinghamma,Framingham
Massachusetts,franklinmass,Franklin
Massachusetts,franklinma,Franklin MA
Massachusetts,georgetownma,Georgetown
Massachusetts,gloucester,Gloucester
Massachusetts,gloucesterma,Gloucester MA
Massachusetts,greatbarrington,Great Barrington
Massachusetts,greenfield,Greenfield
Massachusetts,grotonma,Groton
Massachusetts,groveland,Groveland
Massachusetts,holyoke,Holyoke
Massachusetts,hopkunton,Hopkunton
Massachusetts,hudsonma,Hudson
Massachusetts,hydeparkma,Hyde Park
Massachusetts,jamaicaplain,Jamaica Plain
Massachusetts,kendallsquare,Kendall Square
Massachusetts,lowellma,Lowell MA
Massachusetts,lowellmass,Lowell Mass
Massachusetts,lowellmassachusetts,Lowell Massachusetts
Massachusetts,ludlow,Ludlow
Massachusetts,ludlowma,Ludlow MA
Massachusetts,lynnma,Lynn
Massachusetts,malden,Malden
Massachusetts,mansfieldma,Mansfield
Massachusetts,marblehead,Marblehead
Massachusetts,marlborough,Marlborough
Massachusetts,realmarshvegas,Marshfield
Massachusetts,marthasvineyard,Martha's Vineyard
Massachusetts,medfield,Medfield
Massachusetts,medfordmass,Medford
Massachusetts,medfordma,Medford MA
Massachusetts,methuen,Methuen
Massachusetts,metrowest,Metro West
Massachusetts,millbury,Millbury
Massachusetts,millis,Millis
Massachusetts,miltonma,Milton
Massachusetts,nantucket,Nantucket
Massachusetts,natick,Natick
Massachusetts,newbedford,New Bedford
Massachusetts,newburyport,Newbury Port
Massachusetts,newtonma,Newton
Massachusetts,northadams,North Adams
Massachusetts,01535,North Brookfield (01535)
Massachusetts,northandover,North Andover
Massachusetts,northshore,North Shore
Massachusetts,northampton,Northampton
Massachusetts,northamptonma,Northampton MA
Massachusetts,norwood,Norwood
Massachusetts,peabodyma,Peabody
Massachusetts,01960,Peabody (01960)
Massachusetts,pioneervalley,Pioneer Valley
Massachusetts,happyvalley,Pioneer Valley (Happy Valley)
Massachusetts,pittsfieldmass,Pittsfield
Massachusetts,plymouthma,Plymouth
Massachusetts,provincetown,Provincetown
Massachusetts,quinceyma,Quincy
Massachusetts,readingma,Reading
Massachusetts,rehobothma,Rehoboth
Massachusetts,roxbury,Roxbury
Massachusetts,salemma,Salem
Massachusetts,saugus,Saugus
Massachusetts,sharonma,Sharon
Massachusetts,sheffieldma,Sheffield
Massachusetts,sherborn,Sherborn
Massachusetts,shrewsbury,Shrewsbury
Massachusetts,southcoast,South Coast
Massachusetts,south_hadley,South Hadley
Massachusetts,southshore,South Shore
Massachusetts,southbridge,Southbridge
Massachusetts,southwick,Southwick
Massachusetts,springfield,Springfield
Massachusetts,stoneham,Stoneham
Massachusetts,stoughton,Stoughton
Massachusetts,taunton,Taunton
Massachusetts,tauntonma,Taunton
Massachusetts,townsend,Townsend
Massachusetts,turnersfalls,Turners Falls
Massachusetts,wakefieldma,Wakefield
Massachusetts,walpole,Walpole
Massachusetts,waltham,Waltham
Massachusetts,watertown,Watertown
Massachusetts,wellesley,Wellesley
Massachusetts,westspringfield,West Springfield
Massachusetts,westernma,Western MA
Massachusetts,413,Western MA (413)
Massachusetts,wmass,Western Mass (WMASS)
Massachusetts,westernmass,Western Massachusetts
Massachusetts,western_mass,Western_Mass
Massachusetts,westfieldma,Westfield
Massachusetts,weston,Weston
Massachusetts,whitinsville,Whitinsville
Massachusetts,williamstown,Williamstown
Massachusetts,winchestermass,Winchester
Massachusetts,woburn,Woburn
Massachusetts,wrentham,Wrentham
Michigan,allendale,Allendale
Michigan,almont,Almont
Michigan,alpena,Alpena
Michigan,battlecreek,Battle Creek
Michigan,cerealcity,Battle Creek (CerealCity)
Michigan,baycitymichigan,Bay City
Michigan,bentonharbor,Benton Harbor
Michigan,birminghammi,Birmingham
Michigan,blanchard,Blanchard
Michigan,bloomfieldhills,Bloomfield Hills
Michigan,charlevoix,Charlevoix
Michigan,coopersville,Coopersville
Michigan,davison,Davison
Michigan,metrodetroit,"Detroit, Metro"
Michigan,dewitt,DeWitt
Michigan,downriver,Downriver Area
Michigan,durand,Durand
Michigan,eastlansing,East Lansing
Michigan,escanaba,Escanaba
Michigan,farmingtonhills,Farmington Hills
Michigan,ferndale,Ferndale
Michigan,flint,Flint
Michigan,flintmi,Flint MI
Michigan,freeland,Freeland
Michigan,fruitport,Fruitport
Michigan,gardencitymi,Garden City
Michigan,gladstone,Gladstone
Michigan,grandhaven,Grand Haven
Michigan,grandhavenmi,Grand Haven MI
Michigan,grossepointe,Grosse Pointe
Michigan,hamtramck,Hamtramck
Michigan,harborsprings,Harbor Springs
Michigan,haslett,Haslett
Michigan,hesperiami,Hesperia
Michigan,hollandmichigan,Holland
Michigan,hollandmi,Holland MI
Michigan,houghton,Houghton
Michigan,howardcity,Howard City
Michigan,hudsonville,Hudsonville
Michigan,irishhills,Irish Hills
Michigan,ironmountain,Iron Mountain
Michigan,jacksonmi,Jackson
Michigan,kalamazoomichigan,Kalamazoo
Michigan,kentcountymichigan,Kent County
Michigan,keweenaw,Keweenaw
Michigan,lakelinden,Lake Linden
Michigan,lapeer,Lapeer
Michigan,leelanau,Leelanau
Michigan,lenawee,Lenawee
Michigan,livonia,Livonia
Michigan,lowell,Lowell
Michigan,ludington,Ludington
Michigan,mackinac,Mackinac
Michigan,marinecity,Marine City
Michigan,mqt,Marquette
Michigan,masonmi,Mason
Michigan,meridiantwp,Meridian Township
Michigan,mesickmi,Mesick
Michigan,midland,Midland
Michigan,midland_mi,Midland MI
Michigan,milfordmi,Milford
Michigan,monroemi,Monroe
Michigan,montague,Montague
Michigan,mtbrighton,Mt. Brighton
Michigan,mtpleasantmi,Mt. Pleasant
Michigan,muskegon,Muskegon
Michigan,newbaltimore,New Baltimore
Michigan,newaygocounty,Newaygo County
Michigan,northville,Northville
Michigan,oaklandcounty,Oakland County
Michigan,okemos,Okemos
Michigan,owosso,Owosso
Michigan,parmami,Parma
Michigan,petoskey,Petoskey
Michigan,plymouthmi,Plymouth
Michigan,pontiacmi,Pontiac
Michigan,posen,Posen
Michigan,rochesterhills,Rochester Hills
Michigan,romeomi,Romeo
Michigan,royaloak,Royal Oak
Michigan,saginaw,Saginaw
Michigan,saginawbay,Saginaw Bay
Michigan,saginawmichigan,Saginaw MI
Michigan,saintclairshores,Saint Clair Shores
Michigan,shelbytwp,Shelby
Michigan,southwestmichigan,Southwest Michigan
Michigan,stclairshores,St. Clair Shores
Michigan,st_joseph,St. Joseph
Michigan,swmich,SW Michigan
Michigan,swartzcreek,Swartz Creek
Michigan,traversecity,Traverse City
Michigan,uppermichigan,Upper Michigan
Michigan,upmichigan,Upper Peninsula
Michigan,washtenawannarbor,Washtenaw
Michigan,westmi,West Michigan
Michigan,westernlowermichigan,Western Lower Michigan
Michigan,whitelake,White Lake
Michigan,whitehall,Whitehall
Michigan,woodhaven,Woodhaven
Michigan,woodhavenmi,Woodhaven MI
Michigan,wyomingmi,Wyoming
Michigan,yooper,Yooper
Michigan,ypsilanti,Ypsilanti
Michigan,ypsi,Ypsilanti (YPSI)
Minnesota,alexandriamn,Alexandria
Minnesota,anoka,Anoka
Minnesota,applevalley,Apple Valley
Minnesota,armatage,Armatage
Minnesota,bemidji,Bemidji
Minnesota,bloomingtonmn,Bloomington
Minnesota,brainerd,Brainerd
Minnesota,buffalominnesota,Buffalo
Minnesota,burnsvillemn,Burnsville
Minnesota,cambridgeminnesota,Cambridge
Minnesota,carvercounty,Carver County
Minnesota,chanhassen,Chanhassen
Minnesota,chaska,Chaska
Minnesota,coonrapids,Coon Rapids
Minnesota,cottagegrove,Cottage Grove
Minnesota,eaganmn,Eagan
Minnesota,eastbethelmn,East Bethel
Minnesota,edenprairie,Eden Prairie
Minnesota,elkriver,Elk River
Minnesota,grandrapidsmn,Grand Rapids
Minnesota,hastingsmn,Hastings
Minnesota,hibbing,Hibbing
Minnesota,isantimn,Isanti
Minnesota,kassonmantorville,Kasson and Mantorville
Minnesota,mankato,Mankato
Minnesota,maplegrovemn,Maple Grove
Minnesota,marshallmn,Marshall
Minnesota,minnetonka,Minnetonka
Minnesota,fargomoorhead,Moorhead-Fargo
Minnesota,morrismn,Morris
Minnesota,moundmn,Mound
Minnesota,moundsview,Mounds View
Minnesota,northfield,Northfield
Minnesota,owatonna,Owatonna
Minnesota,plymouthmn,Plymouth
Minnesota,redwingmn,Red Wing
Minnesota,richfield,Richfield
Minnesota,rochesterminnesota,Rochester MN
Minnesota,rosemount,Rosemount
Minnesota,rosemountmn,Rosemount MN
Minnesota,stpaul,St. Paul
Minnesota,stpaulpark,St. Paul Park
Minnesota,saintpeter,Saint Peter
Minnesota,shakopee,Shakopee
Minnesota,staples_minnesota,Staples
Minnesota,waconia,Waconia
Minnesota,willmar,Willmar
Minnesota,windommn,Windom
Minnesota,winona,Winona
Minnesota,woodburyminnesota,Woodbury
Mississippi,amory,Amory
Mississippi,biloxi,Biloxi
Mississippi,clevelandms,Cleveland
Mississippi,edgewoodms,Edgewood
Mississippi,ellisville,Ellisville
Mississippi,hattiesburg,Hattiesburg
Mississippi,jacksonms,Jackson
Mississippi,longbeachmississippi,Long Beach
Mississippi,meridian,Meridian
Mississippi,natchez,Natchez
Mississippi,oceansprings,Ocean Springs
Mississippi,ptownms,Petal
Mississippi,philadelphiams,Philadelphia
Mississippi,pontotoc,Pontotoc
Mississippi,southaven,Southaven
Mississippi,starkville,Starkville
Mississippi,tunica,Tunica
Mississippi,tupelo,Tupelo
Mississippi,tupeloms,Tupelo MS
Mississippi,webstercounty,Webster County
Mississippi,locationreddits/wiki/faq/northamerica,Back to top
Missouri,alton,Alton
Missouri,bolivarmo,Bolivar
Missouri,bransonmo,Branson
Missouri,bunkermissouri,Bunker
Missouri,chillicothemissouri,Chillicothe
Missouri,co_mo,Columbia (Co_Mo)
Missouri,columbiamissouri,Columbia MO
Missouri,dextermo,Dexter
Missouri,fultonmo,Fulton
Missouri,jackson_missouri,Jackson
Missouri,jacksonmo,Jackson MO
Missouri,joplin,Joplin
Missouri,joplinmo,Joplin MO
Missouri,kirksville,Kirksville
Missouri,libertymo,Liberty
Missouri,maryville,Maryville
Missouri,midmo,Middle Missouri
Missouri,missouricity,Missouri City
Missouri,montgomerycountymo,Montgomery County
Missouri,newmadridcounty,New Madrid County
Missouri,nwmissouri,Northwest Missouri
Missouri,oakvillestl,Oakville
Missouri,ozarkmo,Ozark
Missouri,ozarks,Ozarks
Missouri,lakeoftheozarks,Ozarks Lakes
Missouri,pleasanthillmo,Pleasant Hill
Missouri,rayville,Rayville
Missouri,rolla,Rolla
Missouri,sedalia,Sedalia
Missouri,stcharlesmo,St. Charles
Missouri,stclairmo,St. Clair
Missouri,stjoemo,St. Joseph
Missouri,stlouiscounty,St. Louis County
Missouri,stlouismo,St. Louis MO
Missouri,unionmo,Union
Missouri,washmo,Washington
Missouri,warrensburg,Warrensburg
Missouri,webstercounty,Webster County
Missouri,westplains,West Plains
Missouri,wildwoodmo,Wildwood
Missouri,willardmo,Willard
Montana,bigsky,Big Sky
Montana,billings,Billings
Montana,bitterroot,Bitterroot Valley
Montana,butte,Butte
Montana,darbymt,Darby
Montana,eurekamt,Eureka
Montana,glacier,Glacier National Park
Montana,glacierpark,Glacier Park
Montana,greatfalls,Great Falls
Montana,havre,Havre
Montana,helena,Helena
Montana,kalispell,Kalispell
Montana,ruralmt,Rural Montana
Montana,whitefish,Whitefish
Nebraska,aurorane,Aurora
Nebraska,blair,Blair
Nebraska,douglascounty,Douglas County
Nebraska,fremontne,Fremont
Nebraska,hastingsne,Hastings
Nebraska,hastingsnebraska,Hastings NE
Nebraska,kearney,Kearney
Nebraska,kenesawnebraska,Kenesaw
Nebraska,scottsbluffnebraska,Scottsbluff
Nebraska,sewardne,Seward
Nebraska,stromsburg,Stromsburg
Nebraska,westernnebraska,Western Nebraska
Nevada,bouldercity,Boulder City
Nevada,carsoncity,Carson City
Nevada,crystalbay,Crystal Bay
Nevada,elko,Elko
Nevada,elynv,Ely
Nevada,cityofhenderson,Henderson
Nevada,inclinevillage,Incline Village
Nevada,lasvegasnevada,Las Vegas NV
Nevada,mesquite,Mesquite
Nevada,renonv,Reno NV
Nevada,winnemucca,Winnemucca
Nevada,zephyrcove,Zephyr Cove
New Hampshire,concordnh,Concord
New Hampshire,conwaynh,Conway
New Hampshire,durhamnh,Durham
New Hampshire,etna,Etna
New Hampshire,keene,Keene
New Hampshire,winnipesaukee,Lake Winnipesaukee
New Hampshire,manchesternh,Manchester
New Hampshire,milfordnh,Milford
New Hampshire,nashua,Nashua
New Hampshire,peterboroughnh,Peterborough
New Hampshire,pittsfieldnh,Pittsfield
New Hampshire,portsmouthnh,Portsmouth
New Hampshire,rochesternh,Rochester
New Hampshire,salemnh,Salem
New Hampshire,seacoastnh,Seacoast
New Hampshire,tuckermanravine,Tuckerman Ravine
New Hampshire,watervillevalleynh,Waterville Valley
New Jersey,jersey,Jersey
New Jersey,acquackanonk,Acquackanonk
New Jersey,asburypark,Asbury Park
New Jersey,atlanticcity,Atlantic City
New Jersey,whitebrier,Avalon
New Jersey,bayonnenj,Bayonne
New Jersey,belmar,Belmar
New Jersey,bergencity,Bergen City
New Jersey,bernardsville,Bernardsville
New Jersey,blairstown,Blairstown
New Jersey,blairstowne,Blairstowne
New Jersey,boonton,Boonton
New Jersey,bordentownnj,Bordentown
New Jersey,bridgeton,Bridgeton
New Jersey,caldwell,Caldwell
New Jersey,camdencountynj,Camden County
New Jersey,capemay,Cape May
New Jersey,carlstadt,Carlstadt
New Jersey,centraljersey,Central Jersey
New Jersey,cherryhillnj,Cherry Hill
New Jersey,clifton,Clifton
New Jersey,collingswood,Collingswood
New Jersey,cranbury,Cranbury
New Jersey,cresskill,Cresskill
New Jersey,eastbrunswick,East Brunswick
New Jersey,edisonnj,Edison
New Jersey,elmwoodpark,Elmwood Park
New Jersey,fairlawn,Fair Lawn
New Jersey,flemington,Flemington
New Jersey,fortlee,Fort Lee
New Jersey,gibbsboro,Gibbsboro
New Jersey,gloucestercounty,Gloucester County
New Jersey,hackettstown,Hackettstown
New Jersey,haddonfield,Haddonfield
New Jersey,haddontownship,Haddon Township
New Jersey,hammonton,Hammonton
New Jersey,hazlet,Hazlet
New Jersey,hudsoncounty,Hudson County
New Jersey,kearny,Kearny
New Jersey,livingston,Livingston
New Jersey,longbeachisland,Long Beach Island
New Jersey,marlton,Marlton
New Jersey,mayslanding,Mays Landing
New Jersey,metuchen,Metuchen
New Jersey,middlesexnj,Middlesex
New Jersey,millville,Millville
New Jersey,monmouthcounty,Monmouth County
New Jersey,montclairnj,Montclair NJ
New Jersey,njmontclair,Montclair
New Jersey,montgomerynj,Montgomery
New Jersey,morriscounty,Morris County
New Jersey,morristownnj,Morristown
New Jersey,mountainlakes,Mountain Lakes
New Jersey,newbrunswicknj,New Brunswick
New Jersey,newmilfordnj,New Milford
New Jersey,newprovidence,New Providence
New Jersey,northjersey,North Jersey
New Jersey,northernnewjersey,Northern New Jersey
New Jersey,oceancitynewjersey,Ocean City
New Jersey,oceancitynj,Ocean City NJ
New Jersey,oceancounty,Ocean County
New Jersey,oceangrove,Ocean Grove
New Jersey,pennington,Pennington
New Jersey,pittsgrove,Pittsgrove
New Jersey,rahway,Rahway
New Jersey,ramseynj,Ramsey
New Jersey,redbank,Red Bank
New Jersey,ringwood,Ringwood
New Jersey,rutherfordnj,Rutherford
New Jersey,sayreville,Sayreville
New Jersey,seaislecity,Sea Isle City
New Jersey,somersetnj,Somerset County
New Jersey,609,Southeastern & Central (609)
New Jersey,springfieldnj,Springfield
New Jersey,sussexcounty,Sussex County
New Jersey,tenafly,Tenafly
New Jersey,trentonnj,Trenton
New Jersey,unionco,Union County
New Jersey,veronanj,Verona
New Jersey,vineland,Vineland
New Jersey,washingtontwp,Washington Township
New Jersey,westorange,West Orange
New Mexico,alamogordo,Alamogordo
New Mexico,artesianm,Artesia
New Mexico,bloomfieldnm,Bloomfield
New Mexico,carlsbadnm,Carlsbad
New Mexico,clovisnewmexico,Clovis
New Mexico,gallup,Gallup
New Mexico,gallupnm,Gallup NM
New Mexico,lascruces,Las Cruces
New Mexico,losalamos,Los Alamos
New Mexico,lovington,Lovington
New Mexico,quaycounty,Quay County
New Mexico,roswellnm,Roswell
New Mexico,silvercity,Silver City
New Mexico,newmex,Southern New Mexico
New Mexico,taos,Taos
New Mexico,tucumcari,Tucumcari
New York,empirestate,Empire State
New York,agloe,Agloe
New York,albany_newyork,Albany NY
New York,allegany,Allegany State Park
New York,amsterdamny,Amsterdam
New York,auburnny,Auburn
New York,bayridge,Bay Ridge
New York,beacon,Beacon
New York,beaconny,Beacon NY
New York,binghamtonny,Binghamton NY
New York,brewster,Brewster
New York,bronx,Bronx
New York,bronxville,Bronxville
New York,bushwick,Bushwick
New York,cny,Central New York
New York,centralpark,Central Park
New York,chappaquany,Chappaqua
New York,cherryvalley,Cherry Valley
New York,clarkstown,Clarkstown
New York,cobleskill,Cobleskill
New York,coneyisland,Coney Island
New York,cooperstownny,Cooperstown
New York,corning,Corning
New York,cortlandny,Cortland
New York,crownheights,Crown Heights
New York,eastaurora,East Aurora
New York,eastmeadow,East Meadow
New York,eastvillage,East Village
New York,elma,Elma
New York,elmirany,Elmira
New York,endicott,Endicott
New York,flushingqueens,Flushing
New York,foresthills,Forest Hills
New York,fortgreene,Fort Greene
New York,franklinsquare,Franklin Square
New York,genesee,Genesee County
New York,genevany,Geneva
New York,glensfalls,Glens Falls
New York,glensfallsny,Glens Falls NY
New York,greatneck,Great Neck
New York,greaterbinghamton,Greater Binghamton
New York,greenwichvillage,Greenwich Village
New York,harlemusa,Harlem
New York,hornell,Hornell
New York,hudsonny,Hudson
New York,hton,Huntington
New York,huntingtonny,Huntington NY
New York,jacksonheights,Jackson Heights
New York,jamestownny,Jamestown
New York,larchmont,Larchmont
New York,liverpool_ny,Liverpool
New York,lbny,Long Beach
New York,longbeachny,Long Beach NY
New York,lowereastside,Lower East Side
New York,mahopac,Mahopac
New York,maltany,Malta
New York,manhattan,Manhattan
New York,massena,Massena
New York,mechanicville,Mechanicville
New York,millbrook,Millbrook
New York,narrowsburg,Narrowsburg
New York,nassaucounty,Nassau County
New York,newhydepark,New Hyde Park
New York,localnyc,"New York City, locals"
New York,uptownnyc,"New York City, Uptown"
New York,newburgh,Newburgh
New York,cityofnewburghny,Newburgh NY
New York,niagarafallsny,Niagara Falls
New York,niskayuna,Niskayuna
New York,northportny,North Port
New York,ogdensburg,Ogdensburg
New York,olean,Olean
New York,ocny,Orange County
New York,orangecountyny,Orange County NY
New York,ossining,Ossining
New York,owego,Owego
New York,parkslope,Park Slope
New York,pelham,Pelham
New York,philmontny,Philmont
New York,phoenixny,Phoenix
New York,plattsburgh,Plattsburgh
New York,12901,Plattsburgh (12901)
New York,portwashington,Port Washington
New York,queensbury,Queensbury
New York,rhinebeck,Rhinebeck
New York,ridgewood,Ridgewood
New York,rockland,Rockland County
New York,rooseveltisland,Roosevelt Island
New York,ryeny,Rye
New York,salamanca,Salamanca
New York,saratogasprings,Saratoga Springs
New York,scarsdale,Scarsdale
New York,schenectady,Schenectady
New York,schoharie,Schoharie County
New York,scottsville,Scottsville
New York,southwedge,South Wedge
New York,stanfordville,Stanfordville
New York,thehamptons,The Hamptons
New York,troyny,Troy NY
New York,utica,Utica
New York,vancortlandtpark,Van Cortlandt Park
New York,vestal,Vestal
New York,wantagh,Wantagh
New York,warwick_ny,Warwick
New York,watertownny,Watertown
New York,websterny,Webster
New York,wellsvilleny,Wellsville
New York,westislip,West Islip
New York,westnewyork,West New York
New York,wny,Western New York
New York,whiteplainsny,White Plains
New York,williamsburg,Williamsburg
New York,williamson,Williamson
New York,yonkers,Yonkers
North Carolina,asheboro,Asheboro
North Carolina,boone,Boone
North Carolina,brevard,Brevard
North Carolina,brysoncity,Bryson City
North Carolina,buncombe,Buncombe County
North Carolina,burlingtonnc,Burlington
North Carolina,cabarruscounty,Cabarrus County
North Carolina,cary,Cary
North Carolina,chapelhill,Chapel Hill
North Carolina,cherokeenc,Cherokee
North Carolina,concordnc,Concord
North Carolina,cornelius,Cornelius
North Carolina,creedmoor,Creedmoor
North Carolina,dentonnc,Denton
North Carolina,edenton,Edenton
North Carolina,elizabethcity,Elizabeth City
North Carolina,fayettenam,Fayetteville
North Carolina,forestcity,Forest City
North Carolina,fuquayvarina,Fuquay Varina
North Carolina,gastonia,Gastonia
North Carolina,goldsboronc,Goldsboro
North Carolina,gvegas,Greenville
North Carolina,hampstead,Hampstead
North Carolina,harrisburgnc,Harrisburg
North Carolina,hendersonville,Hendersonville
North Carolina,highpointnc,High Point
North Carolina,hillsborough,Hillsborough
North Carolina,hollyspringsnc,Holly Springs
North Carolina,hopemills,Hope Mills
North Carolina,huntersville,Huntersville
North Carolina,indiantrailnc,Indian Trail
North Carolina,jacksonvillenc,Jacksonville
North Carolina,lakegaston,Lake Gaston
North Carolina,lkn,Lake Norman Area
North Carolina,leland,Leland
North Carolina,lenoir,Lenoir
North Carolina,lexingtonnc,Lexington
North Carolina,mocksville,Mocksville
North Carolina,monroe,Monroe
North Carolina,morrisville,Morrisville
North Carolina,mountairy,Mount Airy
North Carolina,ocracoke,Ocracoke Island
North Carolina,obx,Outer Banks
North Carolina,pinehurst,Pinehurst
North Carolina,rockinghamnc,Rockingham
North Carolina,rockinghamcountync,Rockingham County
North Carolina,rockymountnc,Rocky Mount
North Carolina,rutherfordton,Rutherfordton
North Carolina,sanfordnc,Sanford
North Carolina,shallotte,Shallotte
North Carolina,shelbync,Shelby
North Carolina,sneadsferry,Sneads Ferry
North Carolina,sprucepine,Spruce Pine
North Carolina,surfcity,Surf City
North Carolina,thomasville,Thomasville
North Carolina,topsail,Topsail Island
North Carolina,waxhaw,Waxhaw
North Carolina,waynesville,Waynesville
North Carolina,wnc,Western North Carolina
North Carolina,wilsonnc,Wilson
North Carolina,zebulon,Zebulon
North Dakota,bathgate,Bathgate
North Dakota,bismarck,Bismarck
North Dakota,bismarckmandan,Bismarck-Mandan
North Dakota,beulah,Beulah
North Dakota,fargomoorhead,Fargo-Moorhead
North Dakota,grandforks,Grand Forks
North Dakota,greatergrandforks,Greater Grand Forks
North Dakota,hettinger,Hettinger
North Dakota,jamestownnd,Jamestown
North Dakota,mandan,Mandan
North Dakota,minot,Minot
North Dakota,thompson_northdakota,Thompson
North Dakota,williston,Williston
North Dakota,locationreddits/wiki/faq/northamerica,Back to top
Ohio,ashlandohio,Ashland
Ohio,athensohio,Athens
Ohio,beavercreekoh,Beaver Creek
Ohio,bellbrook,Bellbrook
Ohio,bgohio,Bowling Green
Ohio,cambridge_ohio,Cambridge
Ohio,canfield,Canfield
Ohio,canton,Canton
Ohio,carlisleohio,Carlisle
Ohio,carrolltonohio,Carrollton
Ohio,centerburg,Centerburg
Ohio,chagrinfalls,Chagrin Falls
Ohio,chardon,Chardon
Ohio,chillicothe,Chillicothe
Ohio,clintoncounty,Clinton County
Ohio,cuyahoga,Cuyahoga
Ohio,cuyahogafalls,Cuyahoga Falls
Ohio,delawareoh,Delaware
Ohio,dublinohio,Dublin
Ohio,eastcanton,East Canton
Ohio,eaton,Eaton
Ohio,elyria,Elyria
Ohio,fairborn,Fairborn
Ohio,findlay,Findlay
Ohio,gahanna,Gahanna
Ohio,geauga,Geauga County
Ohio,grandviewheightsohio,Grandview Heights
Ohio,gville,Granville
Ohio,granvilleohio,Granville OH
Ohio,greentown,Greentown
Ohio,hamilton_ohio,Hamilton
Ohio,hilliard,Hilliard
Ohio,howland,Howland
Ohio,hudsonoh,Hudson
Ohio,kent,Kent
Ohio,lakewood,Lakewood
Ohio,lancastero,Lancaster
Ohio,lewiscenter,Lewis Center
Ohio,lima,Lima
Ohio,londonohio,London
Ohio,lorain,Lorain
Ohio,louisvilleohio,Louisville
Ohio,mahoningvalley,Mahoning Valley
Ohio,mansfield,Mansfield
Ohio,mariettaoh,Marietta
Ohio,massillon,Massillon
Ohio,44646,Massillon (44646)
Ohio,maumee,Maumee
Ohio,medinaohio,Medina
Ohio,cityofmentor,Mentor
Ohio,mercercountyohio,Mercer County
Ohio,middletownohio,Middletown
Ohio,monroe_county,Monroe County
Ohio,morgancounty,Morgan County
Ohio,mountvernon,Mt. Vernon
Ohio,nerk,Newark (Nerk)
Ohio,newarkohio,Newark
Ohio,neohio,Northeast Ohio
Ohio,northolmsted,North Olmsted
Ohio,northridgeville,North Ridgeville
Ohio,pataskala,Pataskala
Ohio,pickerington,Pickerington
Ohio,portclinton,Port Clinton
Ohio,portagelakes,Portage Lakes
Ohio,ravenna,Ravenna
Ohio,reynoldsburg,Reynoldsburg
Ohio,sandusky,Sandusky
Ohio,sheffieldlake,Sheffield Lake
Ohio,shelbyohio,Shelby
Ohio,solonoh,Solon
Ohio,southernohio,Southern Ohio
Ohio,springfieldoh,Springfield
Ohio,starkcounty,Stark County
Ohio,starkcountyohio,Stark County OH
Ohio,steubenville,Steubenville
Ohio,stow,Stow
Ohio,sylvania,Sylvania
Ohio,tallmadge,Tallmadge
Ohio,tcounty,Tuscarawas County
Ohio,unioncounty,Union County
Ohio,vanwert,Van Wert
Ohio,wadsworthoh,Wadsworth
Ohio,wauseonohio,Wauseon
Ohio,westcentralohio,West Central Ohio
Ohio,westerville,Westerville
Ohio,wilmingtonoh,Wilmington
Ohio,yellowsprings,Yellow Springs
Ohio,youngstown,Youngstown
Ohio,zanesville,Zanesville
Oklahoma,ardmore,Ardmore
Oklahoma,bville,Bartlesville
Oklahoma,beggs,Beggs
Oklahoma,choctawok,Choctaw
Oklahoma,claremore,Claremore
Oklahoma,duncanok,Duncan
Oklahoma,edmond,Edmond
Oklahoma,edmondok,Edmond OK
Oklahoma,glenpool,Glenpool
Oklahoma,hominy,Hominy
Oklahoma,lawtonok,Lawton
Oklahoma,mooreok,Moore
Oklahoma,mustangok,Mustang OK
Oklahoma,mustangoklahoma,Mustang
Oklahoma,muskogee,Muskogee
Oklahoma,normanok,Norman
Oklahoma,nwok,Northwest Oklahoma
Oklahoma,oklahomacity,Oklahoma City
Oklahoma,owasso,Owasso
Oklahoma,tahlequah,Tahlequah
Oregon,orygun,Orygun
Oregon,ashland,Ashland
Oregon,astoria_oregon,Astoria
Oregon,beaverton,Beaverton
Oregon,bendoregon,Bend OR
Oregon,brookings,Brookings
Oregon,canbyoregon,Canby
Oregon,forestgrove,Forest Grove
Oregon,cannonbeach,Cannon Beach
Oregon,centraloregon,Central Oregon
Oregon,clackamas,Clackamas County
Oregon,collinsbeach,Collins Beach
Oregon,creswellor,Creswell
Oregon,easternoregon,Eastern Oregon
Oregon,estacada,Estacada
Oregon,grantspass,Grants Pass
Oregon,gresham,Gresham
Oregon,hillsboro,Hillsboro
Oregon,keizer,Keizer
Oregon,klamathfalls,Klamath Falls
Oregon,lanecountyoregon,Lane County
Oregon,lakeoswego,Lake Oswego
Oregon,mcminnville,McMinnville
Oregon,mtbachelor,Mt. Bachelor
Oregon,newberg,Newberg
Oregon,newportor,Newport
Oregon,oregoncity,Oregon City
Oregon,oregoncoast,Oregon Coast
Oregon,portlandoregon,Portland OR
Oregon,redmondor,Redmond
Oregon,roguevalley,Rogue Valley
Oregon,roseburg,Roseburg
Oregon,seaside,Seaside
Oregon,sherwoodoregon,Sherwood
Oregon,silverton,Silverton
Oregon,southernoregon,Southern Oregon
Oregon,springfieldor,Springfield
Oregon,thedalles,The Dalles
Oregon,tigard,Tigard
Oregon,troutdale_oregon,Troutdale
Oregon,tualatin,Tualatin
Oregon,westlinnor,West Linn
Pennsylvania,kingallentown,Allentown
Pennsylvania,allwoodmanor,Allwood Manor
Pennsylvania,altoona,Altoona
Pennsylvania,aston,Aston
Pennsylvania,beaverpa,Beaver
Pennsylvania,beavercounty,Beaver County
Pennsylvania,berksco,Berks County
Pennsylvania,bethelpark,Bethel Park
Pennsylvania,bethlehem,Bethlehem
Pennsylvania,bloomsburg,Bloomsburg
Pennsylvania,bluemtn,Blue Mountain
Pennsylvania,butlerpa,Butler
Pennsylvania,carlisle,Carlisle
Pennsylvania,centralpa,Central Pennsylvania
Pennsylvania,chestercounty,Chester County
Pennsylvania,cheswick,Cheswick
Pennsylvania,conshohocken,Conshohocken
Pennsylvania,coudersport,Coudersport
Pennsylvania,delco,Delaware County
Pennsylvania,delawarecounty,Delaware County PA
Pennsylvania,dillsburg,Dillsburg
Pennsylvania,downingtown,Downingtown
Pennsylvania,duboispa,DuBois
Pennsylvania,easternpa,Eastern Pennsylvania
Pennsylvania,easton,Easton
Pennsylvania,edinboro,Edinboro
Pennsylvania,elkmountain,Elk Mountain
Pennsylvania,enola,Enola
Pennsylvania,fawngrove,Fawn Grove
Pennsylvania,gettysburg,Gettysburg
Pennsylvania,greensburg,Greensburg
Pennsylvania,hanoverpa,Hanover
Pennsylvania,harrisburg,Harrisburg
Pennsylvania,harrisburgpa,Harrisburg PA
Pennsylvania,hazleton,Hazleton
Pennsylvania,hermitage,Hermitage
Pennsylvania,hershey,Hershey
Pennsylvania,highspire,Highspire
Pennsylvania,honesdale,Honesdale
Pennsylvania,horsham,Horsham
Pennsylvania,indianapa,Indiana County
Pennsylvania,johnstown,Johnstown
Pennsylvania,kingofprussia,King of Prussia
Pennsylvania,lancasterpa,Lancaster PA
Pennsylvania,lansdale,Lansdale
Pennsylvania,lehighvalleypa,Lehigh Valley PA
Pennsylvania,levittown,Levittown
Pennsylvania,lititz,Lititz
Pennsylvania,macungie,Macungie
Pennsylvania,manayunk,Manayunk
Pennsylvania,meadville,Meadville
Pennsylvania,mechanicsburg,Mechanicsburg
Pennsylvania,mercercounty,Mercer County
Pennsylvania,montco,Montgomery County
Pennsylvania,montgomeryville,Montgomeryville
Pennsylvania,lebo,Mt. Lebanon
Pennsylvania,mtlebo,Mt. Lebo(non)
Pennsylvania,murrysville,Murrysville
Pennsylvania,newhopepa,NewHope
Pennsylvania,nepa,Northeast Pennsylvania (NEPA)
Pennsylvania,nephilly,Northeast Philly
Pennsylvania,northeasternpa,Northeastern Pennsylvania
Pennsylvania,nwpa,Northwest Pennsylvania(NWPA)
Pennsylvania,phoenixville,Phoenixville
Pennsylvania,pikecountypa,Pike County
Pennsylvania,poconos,Poconos Region
Pennsylvania,pottsville,Pottsville
Pennsylvania,readingpa,Reading
Pennsylvania,rhawnhurst,Rhawnhurst
Pennsylvania,scranton,Scranton
Pennsylvania,shaler,Shaler
Pennsylvania,sharpsville,Sharpsville
Pennsylvania,shippensburg,Shippensburg
Pennsylvania,springfielddelco,Springfield Delco
Pennsylvania,stroudsburg,Stroudsburg
Pennsylvania,towanda,Towanda
Pennsylvania,trevose,Trevose
Pennsylvania,upperstclair,Upper St. Clair
Pennsylvania,venangocountypa,Venango County
Pennsylvania,washingtonpa,Washington
Pennsylvania,westchesterpa,West Chester
Pennsylvania,westmifflin,West Mifflin
Pennsylvania,wexford,Wexford
Pennsylvania,wilkesbarre,Wilkes-Barre
Pennsylvania,williamsport,Williamsport
Pennsylvania,wynnewood,Wynnewood
Pennsylvania,yardley,Yardley
Pennsylvania,yorkpa,York
Pennsylvania,yorkcountypa,York County
Rhode Island,blockisland,Block Island
Rhode Island,eastgreenwich,East Greenwich
Rhode Island,kentcountyri,Kent County
Rhode Island,misquamicut,Misquamicut
Rhode Island,narragansett,Narragansett
Rhode Island,newport,Newport
Rhode Island,pawtucket,Pawtucket
Rhode Island,southcounty,South County
South Carolina,abbevillesc,Abbeville
South Carolina,andersonsc,Anderson
South Carolina,andersoncounty,Anderson County
South Carolina,beaufort,Beaufort
South Carolina,calhounfalls,Calhoun Falls
South Carolina,columbiasc,Columbia
South Carolina,danielisland,Daniel Island
South Carolina,easley,Easley
South Carolina,edgefieldsc,Edgefield
South Carolina,florence,Florence
South Carolina,fortmillsc,Fort Mill
South Carolina,gtownsc,Georgetown
South Carolina,greenwoodsc,Greenwood
South Carolina,greer,Greer
South Carolina,hiltonhead,Hilton Head
South Carolina,kiawahisland,Kiawah Island
South Carolina,newberry,Newberry
South Carolina,ninetysixsc,Ninety Six
South Carolina,oconeesc,Oconee County
South Carolina,pawleysisland,Pawleys Island
South Carolina,pickenssc,Pickens
South Carolina,spartanburg,Spartanburg
South Carolina,rockhill,Rockhill
South Carolina,summervillesc,Summerville
South Carolina,spartanburgsc,Spartanburg SC
South Carolina,wareshoals,Ware Shoals
South Carolina,upstatesc,Upstate South Carolina
South Dakota,blackhills,Black Hills
South Dakota,theblackhills,"Black Hills, the"
South Dakota,madisonsd,Madison
South Dakota,mtrushmore,Mount Rushmore
South Dakota,pierre,Pierre
South Dakota,rapidcity,Rapid City
Tennessee,totallytennessee,Totally Tennessee
Tennessee,athenstn,Athens TN
Tennessee,athensunofficial,Athens
Tennessee,bartlett,Bartlett
Tennessee,baylortn,Baylor
Tennessee,clarksville,Clarksville
Tennessee,clevelandtn,Cleveland
Tennessee,collierville,Collierville
Tennessee,cookeville,Cookeville
Tennessee,crossville,Crossville
Tennessee,crossvilletn,Crossville TN
Tennessee,dandridgetn,Dandridge
Tennessee,fayettevilletn,Fayetteville
Tennessee,franklintn,Franklin
Tennessee,gatlinburgtn,Gatlinburg
Tennessee,germantown,Germantown
Tennessee,gsmnp,Great Smoky Mountain National Park
Tennessee,hickmancountytn,Hickman County
Tennessee,kingstonsprings,Kingston Springs
Tennessee,lenoircity,Lenoir City
Tennessee,livingston_tn,Livingston
Tennessee,manchestertn,Manchester
Tennessee,maryvilletn,Maryville
Tennessee,mcminnvilletn,Mcminnville
Tennessee,middletn,Middle Tennessee
Tennessee,morristowntn,Morristown
Tennessee,nashvilletennessee,Nashville TN
Tennessee,powelltn,Powell
Tennessee,rockwoodtn,Rockwood
Tennessee,savannahtn,Savannah
Tennessee,springhill,Spring Hill
Tennessee,westtn,West Tennessee
Tennessee,whitehousetn,White House
Tennessee,williamsoncountytn,Williamson County
Texas,abilenetexas,Abilene
Texas,dyess,Abilene (dyess)
Texas,allen,Allen
Texas,allentx,Allen TX
Texas,aransaspass,Aransas Pass
Texas,arlingtontx,Arlington TX
Texas,atascocitatx,Atascocita
Texas,realaustin,Austin (real)
Texas,austintexas,Austin TX
Texas,austinsanantonio,Austin-San Antonio
Texas,bastroptx,Bastrop
Texas,baycitytx,Bay City
Texas,baytown,Baytown
Texas,beaumont,Beaumont
Texas,bedford,Bedford
Texas,bellcountytx,Bell County
Texas,belton,Belton
Texas,benbrook,Benbrook
Texas,bigbendtx,Big Bend National Park
Texas,bocachica,Boca Chica
Texas,boerne,Boerne
Texas,boyd,Boyd
Texas,brazoriacounty,Brazoria County
Texas,brownsville,Brownsville
Texas,brownwood_texas,Brownwood
Texas,bcstx,Bryan College Station
Texas,burleson,Burleson
Texas,carrolltontx,Carrollton
Texas,castroville,Castroville
Texas,cedarcreek,Cedar Creek
Texas,cedarpark,Cedar Park
Texas,clearlake,Clearlake
Texas,collegestation,College Station
Texas,collincounty,Collin County
Texas,commercetx,Commerce
Texas,conroe,Conroe
Texas,copperascove,Copperas Cove
Texas,corpuschristi,Corpus Christi
Texas,corsicanatx,Corsicana
Texas,cypresstx,Cypress
Texas,deerpark,Deer Park
Texas,easttexas,East Texas
Texas,easttx,East TX
Texas,east_texas,East_Texas
Texas,edinburg,Edinburg
Texas,elgintx,Elgin
Texas,euless,Euless
Texas,flowermound,Flower Mound
Texas,forney,Forney
Texas,fortbend,Fort Bend
Texas,friendswood,Friendswood
Texas,frisco,Frisco
Texas,fulshear,Fulshear
Texas,galveston,Galveston
Texas,garlandtx,Garland
Texas,georgetowntx,Georgetown
Texas,granbury,Granbury
Texas,harlingen,Harlingen
Texas,heidenheimer,Heidenheimer
Texas,highlandvillage,Highland Village
Texas,huntcounty,Hunt County
Texas,huntsvilletx,Huntsville
Texas,hurst,Hurst
Texas,irvingtexas,Irving
Texas,jerseyvillage,Jersey Village
Texas,jollyville,Jollyville
Texas,karnescity,Karnes City
Texas,katytx,Katy
Texas,katy_texas,Katy TX
Texas,keller,Keller
Texas,kennedale,Kennedale
Texas,kingsville,Kingsville
Texas,kingwood,Kingwood
Texas,laketravis,Lake Travis
Texas,laredo,Laredo
Texas,cityoflaredo,"Laredo, city of"
Texas,lascruces,"Las Cruces, NM"
Texas,leander,Leander
Texas,leandercedarpark,Leander-Cedar Park
Texas,lewisville,Lewisville
Texas,lockhart,Lockhart
Texas,longviewtexas,Longview
Texas,lubbocktx,Lubbock TX
Texas,marblefalls,Marble Falls
Texas,mckinney,McKinney
Texas,mesquitetx,Mesquite
Texas,mineralwells,Mineral Wells
Texas,nacogdoches,Nacogdoches
Texas,navasota,Navasota
Texas,northtexas,North Texas
Texas,oakcliff,Oak Cliff
Texas,odessatx,Odessa
Texas,palestinetx,Palestine
Texas,paristexas,Paris
Texas,paristx,Paris TX
Texas,pearland,Pearland
Texas,pflugerville,Pflugerville
Texas,planotx,Plano TX
Texas,prosper,Prosper
Texas,richardson,Richardson
Texas,riveroaks,River Oaks
Texas,roundrock,Round Rock
Texas,roundrocktexas,Round Rock TX
Texas,rowlett,Rowlett
Texas,roysecity,Royse City
Texas,san_angelo,San Angelo
Texas,sanger,Sanger
Texas,schlitterbahn,Schlitterbahn
Texas,southtexas,South Texas
Texas,setx,Southeast Texas
Texas,southlake,Southlake
Texas,springbranch,Spring Branch
Texas,stephenville,Stephenville
Texas,texarkana,Texarkana
Texas,hillcountry,Texas Hill Country
Texas,thecolony,The Colony
Texas,valley956,The Valley (956)
Texas,thewoodlands,The Woodlands
Texas,tylertx,Tyler
Texas,vtown,Victoria
Texas,weatherford,Weatherford
Texas,westcentraltexas,West Central Texas
Texas,westtexas,West Texas
Texas,whitesettlement,White Settlement
Texas,wimberley,Wimberley
Utah,cedarcity,Cedar City
Utah,eaglemountain,Eagle Mountain
Utah,kanab,Kanab
Utah,logan,Logan
Utah,millcreek,Mill Creek
Utah,moab,Moab
Utah,northernutah,Northern Utah
Utah,ogden,Ogden
Utah,orem,Orem
Utah,parkcity,Park City
Utah,provoutah,Provo
Utah,sandycity,Sandy
Utah,southernutah,Southern Utah
Utah,stgeorge,St. George
Utah,tooele,Tooele
Utah,utahvalley,Utah Valley
Utah,zionnationalpark,Zion National Park
Utah,zionnp,Zion NP
Utah,locationreddits/wiki/faq/northamerica,Back to top
Vermont,barre,Barre
Vermont,bellowsfalls,Bellows Falls
Vermont,burlingtonvt,Burlington VT
Vermont,btv,Burlington (BTV)
Vermont,essexvt,Essex
Vermont,jerichounderhill,Jericho-Underhill
Vermont,killington,Killington
Vermont,montpelier,Montpelier
Vermont,quechee,Quechee
Vermont,rutlandvt,Rutland
Vermont,southburlington,South Burlington
Vermont,stalbansvt,St. Albans
Vermont,stjohnsbury,St. Johnsbury
Vermont,stowe,Stowe
Vermont,winooski,Winooski
Virginia,alexandria_virginia,Alexandria
Virginia,alleghanyco,Alleghany County
Virginia,ashlandva,AshlandVA
Virginia,arlingtonva,Arlington County
Virginia,blacksburg,Blacksburg
Virginia,bluemont,Bluemont
Virginia,bonair,Bon Air
Virginia,buchanan,Buchanan
Virginia,chesapeake,Chesapeake
Virginia,chesapeakebay,Chesapeake Bay
Virginia,chesterfieldva,Chesterfield County
Virginia,coastalvirginia,Coastal Virginia
Virginia,culpeper,Culpeper
Virginia,dickensonva,Dickenson County
Virginia,thedmv,District of Columbia/Maryland/Northern Virginia
Virginia,easternshoreva,Eastern Shore VA
Virginia,fairfaxcounty,Fairfax County
Virginia,fallschurch,Falls Church
Virginia,fauquiercounty,Fauquier County
Virginia,fredericksburg,Fredericksburg
Virginia,henricocounty,Henrico County
Virginia,hamptonroads,Hampton Roads
Virginia,hanoverco,Hanover County
Virginia,harrisonburg,Harrisonburg
Virginia,huntingtonva,Huntington
Virginia,herndonva,Herndon
Virginia,leesburg,Leesburg
Virginia,lexvegasva,Lexington (Lexvegas)
Virginia,loudounsubbutbetter,Loudoun County
Virginia,lurayva,Luray
Virginia,lynchburg,Lynchburg
Virginia,jamesriver,James River
Virginia,manassas,Manassas
Virginia,mechanicsvilleva,Mechanicsville
Virginia,merrifield,Merrifield
Virginia,montclairva,Montclair
Virginia,newkent,New Kent County
Virginia,nrv,New River Valley
Virginia,newportnews,Newport News
Virginia,boredinnova,Northern Virginia (BoredInNova)
Virginia,northernva,Northern Virginia
Virginia,orangeva,Orange County
Virginia,powhatan,Powhatan County
Virginia,reston,Reston
Virginia,rappahannock,Rappahannock County
Virginia,petersburg,Petersburg
Virginia,princewilliamcounty,Prince William County
Virginia,salemva,Salem
Virginia,shenandoah,Shenandoah Valley
Virginia,757,Southeast Virginia (757)
Virginia,swva,Southwest Virginia
Virginia,stafford,Stafford
Virginia,staunton,Staunton
Virginia,stauntonva,Staunton VA
Virginia,tysonsva,Tysons
Virginia,warrenton,Warrenton
Virginia,waynesboro,Waynesboro
Virginia,williamsburgva,Williamsburg
Virginia,winchester,Winchester
Virginia,yorktown,Yorktown
Washington,coastalwa,Coastal Washington
Washington,anacortes,Anacortes
Washington,aberdeenwa,Aberdeen
Washington,auburnwa,Auburn
Washington,bainbridgeisland,Bainbridge Island
Washington,bellevue,Bellevue
Washington,bellevuewa,Bellevue WA
Washington,bothell,Bothell
Washington,bremerton,Bremerton
Washington,burien,Burien
Washington,camaswashington,Camas
Washington,capitolhillsea,Capitol Hill
Washington,castlerockwa,Castle Rock
Washington,clallam,Clallam County
Washington,covingtonwa,Covington
Washington,duvall,Duvall
Washington,duvall_washington,Duvall WA
Washington,eatonville,Eatonville
Washington,edmonds,Edmonds
Washington,federalway,Federal Way
Washington,ferndalewashington,Ferndale
Washington,forkswa,Forks
Washington,grandcoulee,Grand Coulee
Washington,graysharbor,Grays Harbor
Washington,hockinson,Hockinson
Washington,issaquah,Issaquah
Washington,kentwashington,Kent
Washington,kentwa,Kent WA
Washington,kingcounty,King County
Washington,kirkland,Kirkland
Washington,kitsap,Kitsap
Washington,kittitas,Kittitas
Washington,lacey,Lacey
Washington,lakestevenswa,Lake Stevens
Washington,langleywa,Langley
Washington,lewiscounty,Lewis County
Washington,longview,Longview
Washington,longviewwa,Longview WA
Washington,lynnwood,Lynnwood
Washington,lynnwoodwa,Lynnwood WA
Washington,marysville,Marysville
Washington,mercerisland,Mercer Island
Washington,mountbaker,Mt. Baker
Washington,rainier,Mt. Rainier
Washington,mukilteo,Mukilteo
Washington,northcascades,North Cascades National Park
Washington,oceanshores,Ocean Shores
Washington,olympicnationalpark,Olympic National Park
Washington,olympicpeninsula,Olympic Peninsula
Washington,olympic_peninsula,Olympic_Peninsula
Washington,parkland,Parkland
Washington,pointroberts,Point Roberts
Washington,portangeles,Port Angeles
Washington,portorchard,Port Orchard
Washington,porttownsend,Port Townsend
Washington,poulsbo,Poulsbo
Washington,puyallupwa,Puyallup
Washington,pugetsound,Puget Sound
Washington,redmond,Redmond
Washington,renton,Renton
Washington,renton_wa,Renton WA
Washington,salkum,Salkum
Washington,sammamish,Sammamish
Washington,sanjuanislands,San Juan Islands
Washington,seatac,Seattle Tacoma
Washington,sheltonwa,Shelton
Washington,shoreline,Shoreline
Washington,skagitcounty,Skagit County
Washington,skagitvalley,Skagit Valley
Washington,skagit,Skagit
Washington,snohomish,Snohomish
Washington,snohomishcounty,Snohomish County
Washington,snoqualmie,Snoqualmie
Washington,stanhood,Stanwood
Washington,stevenspass,Stevens Pass
Washington,sumner,Sumner
Washington,tulalip,Tulalip
Washington,tukwila,Tukwila
Washington,tumwater,Tumwater
Washington,vancouver_wa,Vancouver WA
Washington,downtownvancouver,"Vancouver, Downtown"
Washington,vancouverwashington,Vancouver Washington
Washington,wallawalla,Walla Walla
Washington,wallawallawashington,Walla Walla WA
Washington,wenatchee,Wenatchee
Washington,whidbey,Whidbey Island
Washington,woodinville,Woodinville
Washington,yakima,Yakima
West Virginia,beckleyonreddit,Beckley
West Virginia,bomontwv,Bomont
West Virginia,charlestonwv,Charleston
West Virginia,towpath,Chesapeake & Ohio Canal
West Virginia,coalwood,Coalwood
West Virginia,easternpanhandle,Eastern Panhandle
West Virginia,elkinswv,Elkins
West Virginia,fairmont,Fairmont
West Virginia,hampshirecounty,Hampshire County
West Virginia,huntingtonwv,Huntington
West Virginia,fairmontwv,Fairmont
West Virginia,martinsburg,Martinsburg
West Virginia,morgantownwv,Morgantown
West Virginia,parkersburg,Parkersburg
West Virginia,sissonville,Sissonville
West Virginia,snowshoemountain,Snowshoe Mountain
West Virginia,webstercounty,Webster County
West Virginia,westonwv,Weston
West Virginia,wheelingwv,Wheeling
Wisconsin,antigo,Antigo
Wisconsin,appleton,Appleton
Wisconsin,bayview,Bayview
Wisconsin,beloitwisconsin,Beloit
Wisconsin,brillion,Brillion
Wisconsin,chequamegon_bay_wi,Chequamegon Bay
Wisconsin,delafield,Delafield
Wisconsin,delavan,Delavan
Wisconsin,doorcounty,Door County
Wisconsin,eauclaire,Eau Claire
Wisconsin,eau_claire,Eau_Claire
Wisconsin,ec_wisc,Eau Claire WI
Wisconsin,fonddulac,Fond du Lac
Wisconsin,foxcities,Fox Cities
Wisconsin,foxvalleywi,Fox Valley
Wisconsin,germantownwisconsin,Germantown
Wisconsin,smalltowngreendale,Greendale
Wisconsin,hortonville,Hortonville
Wisconsin,janesville,Janesville
Wisconsin,lacrossewi,La Crosse
Wisconsin,manitowoc,Manitowoc
Wisconsin,medfordwi,Medford
Wisconsin,menomoneefalls,Menomonee Falls
Wisconsin,mequon,Mequon
Wisconsin,middletonwi,Middleton
Wisconsin,northernwi,Northern Wisconsin
Wisconsin,oakfield,Oakfield
Wisconsin,oregonwi,Oregon
Wisconsin,oshkosh,Oshkosh
Wisconsin,racinewi,Racine
Wisconsin,riverfallswi,River Falls
Wisconsin,riverwest,Riverwest
Wisconsin,rockdalewi,Rockdale
Wisconsin,sheboygan,Sheboygan
Wisconsin,swwisconsin,Southwest Wisconsin
Wisconsin,spartawi,Sparta
Wisconsin,stevenspoint,Stevens Point
Wisconsin,veronawisconsin,Verona
Wisconsin,waukesha,Waukesha
Wisconsin,waukeshawi,Waukesha WI
Wisconsin,waukeshacounty,Waukesha County
Wisconsin,waunakee,Waunakee
Wisconsin,wausau,Wausau
Wisconsin,westallis,West Allis
Wisconsin,westbend,West Bend
Wisconsin,wi_boonies,Wisconsin Boonies
Wyoming,casper,Casper
Wyoming,cheyenne,Cheyenne
Wyoming,cody_wy,Cody
Wyoming,gillette,Gillette
Wyoming,grandtetons,Grand Tetons National Park
Wyoming,jacksonhole,Jackson Hole
Wyoming,laramie,Laramie
Wyoming,sheridanwyoming,Sheridan
Wyoming,starvalley,Star Valley
Wyoming,locationreddits/wiki/faq/northamerica,Back to top
